Car_ID,Brand,Model,Year,Color,Fuel_Type,Transmission,Body_Style,KM_Driven,Owner_Type,Selling_Price,Sale_Date,Dealer_Name,Dealer_Region,Seller_Type,Customer_Name,Phone,Email,Registration_State,Selling_Price_Numeric,Sale_Date_Standardized,Phone_Cleaned,Email_Cleaned,Selling_Price_Formatted
CAR0001,Honda,City,2021,Red,Electric,Manual,Wagon,77097,Third Owner,2254301,2023-08-27,Dealer_D18,North,Dealer,Customer_7924,+91-84456-62585,customer390@gmail.com,DL,2254301.0,2023-08-27,+91-84456-62585,customer390@gmail.com,Rs 22.54 L
CAR0002,Ford,Unknown Model,2024,Blue,Petrol,Semi-Automatic,Convertible,99800,First Owner,18.13 lakh,04-09-2024,Dealer_C7,West,Dealer,Customer_5422,9940395823,customer842@gmail.com,WB,1813000.0,2024-09-04,+91-99403-95823,customer842@gmail.com,Rs 18.13 L
CAR0003,Hyundai,Verna,2012,White,Hybrid,Automatic,SUV,69651,Third Owner,4909097,2023-04-04,Dealer_E4,East,Corporate,Customer_1188,8146005448,customer162outlook.com,TN,4909097.0,2023-04-04,+91-81460-05448,,Rs 49.09 L
CAR0004,Hyundai,Verna,2022,Grey,Petrol,Semi-Automatic,Convertible,47349,Fourth & Above,47.25 lakh,11/11/2023,Dealer_D4,South,Individual,Customer_8787,9605301030,customer748@yahoo.com,DL,4725000.0,2023-11-11,+91-96053-01030,customer748@yahoo.com,Rs 47.25 L
CAR0006,Honda,Swift,2017,White,Electric,Automatic,Convertible,149264,Fourth & Above,1021317,07/05/2024,Dealer_B2,Central,Individual,Customer_8973,94875603,customer322gmail.com,KA,1021317.0,2024-05-07,94875603,customer322@gmail.com,Rs 10.21 L
CAR0007,Honda,Amaze,2011,Grey,CNG,Manual,Wagon,66657,Third Owner,35.87 lakh,07-29-2023,Dealer_E1,Central,Dealer,,7915490795,customer71@yahoo.com,DL,3586999.9999999995,2023-07-29,+91-79154-90795,customer71@yahoo.com,Rs 35.87 L
CAR0008,Hyundai,Verna,2011,Green,CNG,Semi-Automatic,SUV,674879,First Owner,4840776,2023-02-22,Dealer_B4,East,Corporate,Customer_2232,7154739678,customer131@gmail.com,RJ,4840776.0,2023-02-22,+91-71547-39678,customer131@gmail.com,Rs 48.41 L
CAR0009,Hyundai,Unknown Model,2023,Black,Electric,Manual,Hatchback,47598,Third Owner,1685222,21-04-23,Dealer_A4,Central,Dealer,Customer_7528,8198832728,customer864@hotmail.com,GJ,1685222.0,2023-04-21,+91-81988-32728,customer864@hotmail.com,Rs 16.85 L
CAR0010,BMW,X5,2019,Black,Hybrid,Automatic,Coupe,139066,Fourth & Above,1170107,03-13-2023,Dealer_B17,West,Corporate,Customer_4143,7747441732,customer1@hotmail.com,KA,1170107.0,2023-03-13,+91-77474-41732,customer1@hotmail.com,Rs 11.70 L
CAR0011,Honda,Accord,2018,Black,Electric,Semi-Automatic,Coupe,92867,Fourth & Above,983388,2024-09-17,Dealer_E17,West,Corporate,Customer_2746,99889183,customer256@gmail.com,WB,983388.0,2024-09-17,99889183,customer256@gmail.com,Rs 9.83 L
CAR0012,Hyundai,Venue,2017,Silver,Diesel,Automatic,Coupe,72945,Third Owner,0.23 crore,12-10-2023,Dealer_E18,Central,Individual,Customer_2020,95086019,customer902@outlook.com,WB,2300000.0,2023-10-12,95086019,customer902@outlook.com,Rs 23.00 L
CAR0013,Maruti,Baleno,2016,Red,Diesel,Manual,SUV,132308,First Owner,4.43 lakh,2024-08-29,Dealer_B1,Central,Individual,Customer_7211,7351784589,customer975@hotmail.com,TN,443000.0,2024-08-29,+91-73517-84589,customer975@hotmail.com,Rs 4.43 L
CAR0014,Hyundai,Venue,2020,Blue,Electric,Manual,Hatchback,663555,First Owner,49.31 lakh,06-17-2023,Dealer_A14,West,Individual,Customer_4978,9578748240,customer43@hotmail.com,RJ,4931000.0,2023-06-17,+91-95787-48240,customer43@hotmail.com,Rs 49.31 L
CAR0015,BMW,X5,2021,Green,Electric,Semi-Automatic,Coupe,45105,Second Owner,3853130,08-29-2024,Dealer_E8,West,Corporate,Customer_9098,8109615163,customer283@gmail.com,WB,3853130.0,2024-08-29,+91-81096-15163,customer283@gmail.com,Rs 38.53 L
CAR0016,Tata,Nexon,2011,Grey,Hybrid,Manual,SUV,82132,Third Owner,2058885,04-09-2024,Dealer_D4,North,Corporate,Customer_9595,08272368870,customer547@yahoo.com,UP,2058885.0,2024-09-04,08272368870,customer547@yahoo.com,Rs 20.59 L
CAR0017,Tata,Tiago,2017,Green,Petrol,Automatic,Hatchback,94314,Second Owner,17.47 lakh,2024-10-06,Dealer_A6,South,Individual,Customer_4697,8277121963,customer636@gmail.com,DL,1747000.0,2024-10-06,+91-82771-21963,customer636@gmail.com,Rs 17.47 L
CAR0018,Hyundai,i20,2016,Silver,Diesel,Automatic,SUV,123096,Third Owner,4141911,02/10/2024,Dealer_E19,North,Corporate,Customer_5728,8728760924,customer83@gmail.com,UP,4141911.0,2024-10-02,+91-87287-60924,customer83@gmail.com,Rs 41.42 L
CAR0019,Toyota,Corolla,2017,Grey,Electric,Automatic,SUV,141043,Fourth & Above,3909689,2023-11-25,Dealer_C18,South,Dealer,Customer_2899,7004943787,customer193@hotmail.com,WB,3909689.0,2023-11-25,+91-70049-43787,customer193@hotmail.com,Rs 39.10 L
CAR0020,Tata,Unknown Model,2010,Blue,Electric,Semi-Automatic,Coupe,67730,Fourth & Above,1528572,07-06-23,Dealer_E16,East,Dealer,Customer_9327,8782164134,customer3@hotmail.com,RJ,1528572.0,2023-06-07,+91-87821-64134,customer3@hotmail.com,Rs 15.29 L
CAR0021,Tata,Safari,2023,Brown,Petrol,Semi-Automatic,Wagon,54454,Third Owner,0.22 crore,10/11/2024,Dealer_D18,North,Corporate,Customer_3361,9016446768,customer408@gmail.com,DL,2200000.0,2024-11-10,+91-90164-46768,customer408@gmail.com,Rs 22.00 L
CAR0022,Maruti,Baleno,2013,Silver,Hybrid,Manual,SUV,28692,Third Owner,3840416,02-17-2023,Dealer_A15,East,Corporate,Customer_7267,7614685938,customer683@gmail.com,UP,3840416.0,2023-02-17,+91-76146-85938,customer683@gmail.com,Rs 38.40 L
CAR0023,Mercedes,GLC,2017,Silver,Petrol,Automatic,Sedan,84199,Fourth & Above,18.71 lakh,05-11-24,Dealer_C11,West,Individual,Customer_6772,9831163141,customer643@gmail.com,TN,1871000.0,2024-11-05,+91-98311-63141,customer643@gmail.com,Rs 18.71 L
CAR0024,Hyundai,Elantra,2024,Silver,Electric,Automatic,SUV,100907,Fourth & Above,0.47 crore,2023-12-13,Dealer_A15,East,Corporate,Customer_5332,9887681752,customer381@gmail.com,RJ,4700000.0,2023-12-13,+91-98876-81752,customer381@gmail.com,Rs 47.00 L
CAR0025,Honda,Civic,2010,Brown,CNG,Automatic,Convertible,14754,Second Owner,2753195,08-06-23,Dealer_A2,East,Individual,Customer_6942,9769510048,customer126outlook.com,KA,2753195.0,2023-06-08,+91-97695-10048,,Rs 27.53 L
CAR0026,Maruti,Swift,2023,White,CNG,Automatic,Sedan,59305,Third Owner,2011531,07-07-2024,Dealer_A16,West,Dealer,Customer_3076,9045460840,CUSTOMER463@YAHOO.COM,DL,2011531.0,2024-07-07,+91-90454-60840,customer463@yahoo.com,Rs 20.12 L
CAR0027,Tata,Unknown Model,2011,Silver,Hybrid,Automatic,Sedan,26178,First Owner,29.02 lakh,11-09-24,Dealer_C5,Central,Individual,Customer_8430,8342278523,customer946outlook.com,GJ,2902000.0,2024-09-11,+91-83422-78523,,Rs 29.02 L
CAR0028,Honda,CR-V,2015,Black,Electric,Semi-Automatic,Coupe,115870,Second Owner,6.32 lakh,12-25-2023,Dealer_A5,North,Individual,Customer_1430,7124352982,customer348hotmail.com,TN,632000.0,2023-12-25,+91-71243-52982,,Rs 6.32 L
CAR0029,Mercedes,A-Class,2017,White,Electric,Semi-Automatic,SUV,94363,Third Owner,15.20 lakh,2023-02-20,Dealer_C10,East,Individual,Customer_5640,+91-83246-51201,customer405gmail.com,MH,1520000.0,2023-02-20,+91-83246-51201,customer405@gmail.com,Rs 15.20 L
CAR0030,Tata,Tiago,2012,Red,Electric,Automatic,Wagon,38865,Second Owner,3389411,2024-04-15,Dealer_A17,Central,Individual,Customer_8538,7454678712,customer406@hotmail.com,GJ,3389411.0,2024-04-15,+91-74546-78712,customer406@hotmail.com,Rs 33.89 L
CAR0031,BMW,5 Series,2013,Green,CNG,Manual,Convertible,31949,First Owner,1428463,31-07-24,Dealer_D15,Central,Corporate,Customer_5961,7318646463,customer852hotmail.com,MH,1428463.0,2024-07-31,+91-73186-46463,,Rs 14.28 L
CAR0032,Tata,Altroz,2020,Blue,Hybrid,Automatic,Hatchback,54345,Second Owner,28.97 lakh,2023-06-26,Dealer_D5,Central,Corporate,Customer_1857,7405899939,customer873@yahoo.com,DL,2897000.0,2023-06-26,+91-74058-99939,customer873@yahoo.com,Rs 28.97 L
CAR0033,Ford,Mustang,2016,Brown,Diesel,Manual,Sedan,91108,Second Owner,1272011,01-19-2023,Dealer_D12,South,Dealer,Customer_9317,7162124225,customer612@outlook.com,UP,1272011.0,2023-01-19,+91-71621-24225,customer612@outlook.com,Rs 12.72 L
CAR0034,Tata,Harrier,2018,Green,Hybrid,Semi-Automatic,Hatchback,67696,Second Owner,2796004,16-10-23,Dealer_A14,North,Dealer,Customer_2680,7360240905,customer151outlook.com,GJ,2796004.0,2023-10-16,+91-73602-40905,,Rs 27.96 L
CAR0035,Honda,Dzire,2011,Silver,Petrol,Semi-Automatic,Convertible,103281,First Owner,2083567,28/04/2024,Dealer_B5,East,Dealer,Customer_7934,7205082311,customer65@gmail.com,MH,2083567.0,2024-04-28,+91-72050-82311,customer65@gmail.com,Rs 20.84 L
CAR0038,Toyota,Fortuner,2024,Silver,Electric,Automatic,Hatchback,86284,First Owner,45.23 lakh,02-18-2023,Dealer_C15,Central,Corporate,Customer_9151,73548137,customer617@yahoo.com,RJ,4523000.0,2023-02-18,73548137,customer617@yahoo.com,Rs 45.23 L
CAR0039,Hyundai,Venue,2015,Red,Diesel,Automatic,Hatchback,122212,Third Owner,555300,14-10-24,Dealer_B4,North,Corporate,Customer_7001,7659011900,customer782@gmail.com,KA,555300.0,2024-10-14,+91-76590-11900,customer782@gmail.com,Rs 5.55 L
CAR0040,Tata,Altroz,2016,Black,CNG,Semi-Automatic,Convertible,35870,Fourth & Above,23.96 lakh,17-03-23,Dealer_B20,North,Individual,Customer_3580,8552597094,CUSTOMER143@YAHOO.COM,UP,2396000.0,2023-03-17,+91-85525-97094,customer143@yahoo.com,Rs 23.96 L
CAR0041,Mercedes,Unknown Model,2018,Grey,Petrol,Manual,Convertible,112687,Second Owner,3634577,18/07/2024,Dealer_B6,Central,Corporate,Customer_6669,7338700713,customer129@hotmail.com,GJ,3634577.0,2024-07-18,+91-73387-00713,customer129@hotmail.com,Rs 36.35 L
CAR0042,Toyota,Camry,2011,Silver,Electric,Automatic,SUV,16917,Third Owner,24.20 lakh,06-11-23,Dealer_A2,East,Dealer,Customer_6573,8483355242,customer576@gmail.com,RJ,2420000.0,2023-11-06,+91-84833-55242,customer576@gmail.com,Rs 24.20 L
CAR0044,Tata,Safari,2018,Black,Hybrid,Manual,Convertible,7143,Second Owner,1101750,2023-10-23,Dealer_B11,Central,Dealer,Customer_6555,09587558681,customer141@hotmail.com,KA,1101750.0,2023-10-23,09587558681,customer141@hotmail.com,Rs 11.02 L
CAR0046,Ford,Mustang,2019,Black,Diesel,Automatic,SUV,64649,Third Owner,6.31 lakh,23/04/2023,Dealer_B9,Central,Dealer,Customer_2020,9844242456,customer471@hotmail.com,TN,631000.0,2023-04-23,+91-98442-42456,customer471@hotmail.com,Rs 6.31 L
CAR0047,Ford,Endeavour,2021,Brown,Petrol,Automatic,Coupe,59336,Third Owner,4302055,02-09-2024,Dealer_A5,North,Corporate,Customer_9824,7469124598,customer686@yahoo.com,KA,4302055.0,2024-09-02,+91-74691-24598,customer686@yahoo.com,Rs 43.02 L
CAR0048,Mercedes,A-Class,2017,Red,Electric,Semi-Automatic,Sedan,57286,Fourth & Above,2609586,29-06-23,Dealer_C6,West,Corporate,,9439377645,customer466@outlook.com,UP,2609586.0,2023-06-29,+91-94393-77645,customer466@outlook.com,Rs 26.10 L
CAR0049,Hyundai,i20,2021,Grey,Diesel,Automatic,Wagon,93371,Third Owner,26.75 lakh,2024-11-16,Dealer_C12,Central,Individual,Customer_5947,85442644,customer122@outlook.com,TN,2675000.0,2024-11-16,85442644,customer122@outlook.com,Rs 26.75 L
CAR0050,Hyundai,Venue,2012,Black,Petrol,Semi-Automatic,Convertible,124269,Fourth & Above,3334192,2024-09-02,Dealer_D10,North,Dealer,Customer_3695,7882192670,customer457@gmail.com,UP,3334192.0,2024-09-02,+91-78821-92670,customer457@gmail.com,Rs 33.34 L
CAR0051,Toyota,Corolla,2019,Green,Electric,Automatic,Sedan,24144,Second Owner,579918,23/02/2024,Dealer_C15,Central,Dealer,Customer_7154,7571186857,customer551@outlook.com,RJ,579918.0,2024-02-23,+91-75711-86857,customer551@outlook.com,Rs 5.80 L
CAR0053,Toyota,Corolla,2021,Black,Diesel,Automatic,Coupe,16596,Second Owner,3574446,08-12-2024,Dealer_B8,East,Corporate,Customer_3869,8479250414,customer327@outlook.com,KA,3574446.0,2024-12-08,+91-84792-50414,customer327@outlook.com,Rs 35.74 L
CAR0054,Tata,Nexon,2018,Grey,Petrol,Semi-Automatic,SUV,113180,Second Owner,36.94 lakh,2023-07-15,Dealer_E11,East,Dealer,Customer_4422,7065857791,customer765@outlook.com,WB,3694000.0,2023-07-15,+91-70658-57791,customer765@outlook.com,Rs 36.94 L
CAR0055,BMW,X1,2014,Black,Hybrid,Manual,Wagon,99278,Fourth & Above,4501816,2024-02-28,Dealer_E16,South,Corporate,Customer_5026,8105209993,customer758@outlook.com,MH,4501816.0,2024-02-28,+91-81052-09993,customer758@outlook.com,Rs 45.02 L
CAR0056,Toyota,Camry,2023,Grey,Petrol,Automatic,Coupe,17717,Fourth & Above,0.03 crore,15-10-24,Dealer_E8,South,Dealer,Customer_8054,7413665007,customer259@hotmail.com,DL,300000.0,2024-10-15,+91-74136-65007,customer259@hotmail.com,Rs 3.00 L
CAR0059,Tata,Safari,2022,Grey,Hybrid,Semi-Automatic,SUV,75717,Fourth & Above,0.11 crore,09-03-2024,Dealer_D4,South,Dealer,Customer_3777,7271730355,customer802@gmail.com,MH,1100000.0,2024-03-09,+91-72717-30355,customer802@gmail.com,Rs 11.00 L
CAR0060,Mercedes,GLC,2023,Black,Hybrid,Automatic,Coupe,104585,First Owner,2964396,01-07-23,Dealer_D5,East,Individual,Customer_2865,7772781491,customer473@yahoo.com,UP,2964396.0,2023-07-01,+91-77727-81491,customer473@yahoo.com,Rs 29.64 L
CAR0061,Hyundai,Venue,2022,Brown,Unknown,Semi-Automatic,Sedan,103825,Second Owner,8.20 lakh,2024-01-04,Dealer_D4,East,Dealer,,8111272861,customer705@yahoo.com,DL,819999.9999999999,2024-01-04,+91-81112-72861,customer705@yahoo.com,Rs 8.20 L
CAR0062,Honda,Civic,2015,Grey,Diesel,Semi-Automatic,SUV,86760,First Owner,30.78 lakh,2023-02-15,Dealer_C3,Central,Individual,Customer_7985,7792214339,customer756@yahoo.com,KA,3078000.0,2023-02-15,+91-77922-14339,customer756@yahoo.com,Rs 30.78 L
CAR0063,BMW,X1,2013,Blue,Petrol,Manual,Coupe,124944,Second Owner,1155923,13/04/2024,Dealer_E2,East,Individual,Customer_3316,8648021756,customer942@yahoo.com,WB,1155923.0,2024-04-13,+91-86480-21756,customer942@yahoo.com,Rs 11.56 L
CAR0064,Hyundai,Creta,2023,Blue,Electric,Automatic,Wagon,105648,First Owner,49.11 lakh,08-14-2023,Dealer_B10,North,Dealer,Customer_2871,93280585,customer737@outlook.com,UP,4911000.0,2023-08-14,93280585,customer737@outlook.com,Rs 49.11 L
CAR0065,BMW,3 Series,2017,White,CNG,Semi-Automatic,Wagon,35772,Second Owner,2187647,2023-07-31,Dealer_D16,South,Corporate,Customer_2560,7254630933,customer887@yahoo.com,UP,2187647.0,2023-07-31,+91-72546-30933,customer887@yahoo.com,Rs 21.88 L
CAR0066,Mercedes,A-Class,2017,Red,Electric,Manual,SUV,24796,First Owner,980935,06-04-23,Dealer_D15,North,Dealer,Customer_5646,9084510429,customer48@gmail.com,TN,980935.0,2023-04-06,+91-90845-10429,customer48@gmail.com,Rs 9.81 L
CAR0068,Tata,Nexon,2010,Blue,Diesel,Manual,Coupe,95065,First Owner,12.12 lakh,01-12-2024,Dealer_C14,East,Individual,Customer_3688,7650146942,customer223@gmail.com,TN,1212000.0,2024-12-01,+91-76501-46942,customer223@gmail.com,Rs 12.12 L
CAR0070,BMW,X1,2012,Blue,Hybrid,Automatic,Sedan,106407,Second Owner,4967920,2023-08-09,Dealer_D4,West,Corporate,Customer_3501,7872726570,customer601@gmail.com,MH,4967920.0,2023-08-09,+91-78727-26570,customer601@gmail.com,Rs 49.68 L
CAR0071,Ford,Figo,2011,White,Petrol,Semi-Automatic,Sedan,8320,First Owner,0.14 crore,2023-10-03,Dealer_B2,West,Dealer,,9434757387,customer916@gmail.com,RJ,1400000.0000000002,2023-10-03,+91-94347-57387,customer916@gmail.com,Rs 14.00 L
CAR0074,Honda,City,2024,Brown,CNG,Semi-Automatic,Sedan,65679,Fourth & Above,4560056,2024-08-04,Dealer_E12,South,Dealer,,+91-78706-44102,customer789@gmail.com,UP,4560056.0,2024-08-04,+91-78706-44102,customer789@gmail.com,Rs 45.60 L
CAR0075,Tata,Safari,2023,Grey,Diesel,Automatic,Wagon,36434,Fourth & Above,0.10 crore,09-12-2023,Dealer_A19,Central,Dealer,Customer_2551,+91-70513-54601,customer800@yahoo.com,DL,1000000.0,2023-12-09,+91-70513-54601,customer800@yahoo.com,Rs 10.00 L
CAR0076,Honda,Camry,2013,Brown,Diesel,Automatic,Convertible,121242,Second Owner,12.80 lakh,09-02-24,Dealer_A13,East,Dealer,Customer_5026,+91-90574-22183,customer287@outlook.com,WB,1280000.0,2024-02-09,+91-90574-22183,customer287@outlook.com,Rs 12.80 L
CAR0077,BMW,Unknown Model,2018,Silver,Diesel,Semi-Automatic,Convertible,89306,Fourth & Above,3457978,04-28-2024,Dealer_B19,South,Dealer,Customer_4594,7746087503,CUSTOMER715@HOTMAIL.COM,UP,3457978.0,2024-04-28,+91-77460-87503,customer715@hotmail.com,Rs 34.58 L
CAR0079,Hyundai,i20,2023,White,Hybrid,Semi-Automatic,Sedan,142965,Second Owner,3260917,23-03-24,Dealer_D5,East,Corporate,Customer_5825,9460306692,customer34@yahoo.com,DL,3260917.0,2024-03-23,+91-94603-06692,customer34@yahoo.com,Rs 32.61 L
CAR0080,Maruti,Baleno,2015,Blue,Diesel,Automatic,SUV,49010,First Owner,9.44 lakh,2023-04-21,Dealer_D6,North,Corporate,Customer_8855,79688704,customer867@gmail.com,DL,944000.0,2023-04-21,79688704,customer867@gmail.com,Rs 9.44 L
CAR0081,BMW,7 Series,2019,Black,Hybrid,Automatic,Convertible,131546,Third Owner,459989,07-21-2024,Dealer_D6,East,Dealer,,7733718685,customer119@hotmail.com,GJ,459989.0,2024-07-21,+91-77337-18685,customer119@hotmail.com,Rs 4.60 L
CAR0082,Hyundai,Venue,2010,Blue,Hybrid,Automatic,SUV,74021,Second Owner,3888810,19-12-23,Dealer_B7,South,Individual,,7149157745,customer694@yahoo.com,RJ,3888810.0,2023-12-19,+91-71491-57745,customer694@yahoo.com,Rs 38.89 L
CAR0083,Honda,CR-V,2013,Grey,Electric,Semi-Automatic,Hatchback,43765,Fourth & Above,0.24 crore,16-06-24,Dealer_D5,Central,Corporate,Customer_2641,8228759446,customer271@outlook.com,RJ,2400000.0,2024-06-16,+91-82287-59446,customer271@outlook.com,Rs 24.00 L
CAR0084,Honda,Innova,2024,Silver,CNG,Semi-Automatic,SUV,91899,First Owner,2192959,2024-05-18,Dealer_A8,North,Dealer,Customer_7671,7241402174,customer519@outlook.com,MH,2192959.0,2024-05-18,+91-72414-02174,customer519@outlook.com,Rs 21.93 L
CAR0085,BMW,5 Series,2014,Green,Petrol,Manual,Sedan,101561,Second Owner,4094146,04-30-2024,Dealer_B9,Central,Dealer,Customer_4511,8155705163,customer991@gmail.com,UP,4094146.0,2024-04-30,+91-81557-05163,customer991@gmail.com,Rs 40.94 L
CAR0087,BMW,X1,2014,Grey,Petrol,Manual,Convertible,83326,Third Owner,1780078,27-01-23,Dealer_B11,North,Individual,Customer_9759,8539733450,customer898@yahoo.com,GJ,1780078.0,2023-01-27,+91-85397-33450,customer898@yahoo.com,Rs 17.80 L
CAR0089,Hyundai,Creta,2015,Grey,Diesel,Manual,Wagon,112267,First Owner,0.50 crore,07-01-2023,Dealer_B8,East,Dealer,Customer_8035,7162028997,customer914@hotmail.com,KA,5000000.0,2023-01-07,+91-71620-28997,customer914@hotmail.com,Rs 50.00 L
CAR0090,Honda,Unknown Model,2018,Brown,Electric,Manual,Sedan,85246,First Owner,1601066,05-18-2023,Dealer_A4,West,Dealer,Customer_9267,7160474695,CUSTOMER639@GMAIL.COM,RJ,1601066.0,2023-05-18,+91-71604-74695,customer639@gmail.com,Rs 16.01 L
CAR0092,Honda,Accord,2020,Red,Petrol,Manual,Wagon,65597,Fourth & Above,4031507,01-04-2024,Dealer_B4,South,Corporate,Customer_5395,+91-77854-18196,customer410@outlook.com,MH,4031507.0,2024-04-01,+91-77854-18196,customer410@outlook.com,Rs 40.32 L
CAR0093,Hyundai,i20,2016,White,Petrol,Semi-Automatic,SUV,131530,First Owner,4972643,2024-05-14,Dealer_E16,West,Individual,Customer_6542,8859067602,customer693@outlook.com,DL,4972643.0,2024-05-14,+91-88590-67602,customer693@outlook.com,Rs 49.73 L
CAR0095,Mercedes,C-Class,2018,Green,Hybrid,Semi-Automatic,Wagon,148942,Second Owner,201423,2024-01-08,Dealer_D4,East,Corporate,,8525310290,CUSTOMER535@HOTMAIL.COM,TN,201423.0,2024-01-08,+91-85253-10290,customer535@hotmail.com,Rs 2.01 L
CAR0096,Maruti,Swift,2024,Blue,Hybrid,Automatic,Hatchback,107995,Second Owner,2008495,06-04-24,Dealer_C15,South,Individual,Customer_9328,7745822208,customer615@hotmail.com,RJ,2008495.0,2024-04-06,+91-77458-22208,customer615@hotmail.com,Rs 20.08 L
CAR0097,Ford,Mustang,2023,White,Electric,Semi-Automatic,SUV,87289,Third Owner,4843778,10-14-2024,Dealer_A10,South,Corporate,,+91-76241-73500,customer58@yahoo.com,MH,4843778.0,2024-10-14,+91-76241-73500,customer58@yahoo.com,Rs 48.44 L
CAR0098,BMW,X5,2011,Brown,Electric,Semi-Automatic,Convertible,63800,First Owner,49.08 lakh,2023-11-17,Dealer_C5,South,Corporate,Customer_9955,7831066348,customer192@yahoo.com,UP,4908000.0,2023-11-17,+91-78310-66348,customer192@yahoo.com,Rs 49.08 L
CAR0102,Honda,Accord,2022,Black,Unknown,Semi-Automatic,SUV,83997,Third Owner,925658,02-05-2024,Dealer_E2,Central,Dealer,Customer_7456,8476831585,customer146@yahoo.com,DL,925658.0,2024-05-02,+91-84768-31585,customer146@yahoo.com,Rs 9.26 L
CAR0103,Ford,EcoSport,2014,Blue,Hybrid,Automatic,Sedan,30743,Third Owner,1856058,13/03/2023,Dealer_B20,North,Dealer,Customer_6131,8873138608,customer340@outlook.com,KA,1856058.0,2023-03-13,+91-88731-38608,customer340@outlook.com,Rs 18.56 L
CAR0104,Maruti,Baleno,2021,Black,CNG,Semi-Automatic,Convertible,25044,Second Owner,832500,07-18-2024,Dealer_B16,East,Individual,Customer_8613,7045490921,customer629@yahoo.com,TN,832500.0,2024-07-18,+91-70454-90921,customer629@yahoo.com,Rs 8.32 L
CAR0105,Tata,Harrier,2011,Red,CNG,Semi-Automatic,Sedan,74299,Fourth & Above,32.99 lakh,10-26-2024,Dealer_E5,West,Individual,Customer_7201,9219050244,customer416@hotmail.com,TN,3299000.0,2024-10-26,+91-92190-50244,customer416@hotmail.com,Rs 32.99 L
CAR0106,Honda,Amaze,2020,Grey,Diesel,Manual,SUV,78612,Third Owner,1974334,08-05-24,Dealer_D20,West,Dealer,,8109216714,customer993@gmail.com,KA,1974334.0,2024-05-08,+91-81092-16714,customer993@gmail.com,Rs 19.74 L
CAR0107,Maruti,Dzire,2019,Blue,Hybrid,Semi-Automatic,Hatchback,42411,Third Owner,17.26 lakh,30/01/2024,Dealer_A17,West,Individual,Customer_1639,7400247855,customer848@gmail.com,WB,1726000.0000000002,2024-01-30,+91-74002-47855,customer848@gmail.com,Rs 17.26 L
CAR0108,Mercedes,GLC,2019,Brown,CNG,Automatic,Hatchback,843170,Fourth & Above,3769263,2023-01-06,Dealer_E12,West,Corporate,Customer_9783,9923179238,customer571@outlook.com,KA,3769263.0,2023-01-06,+91-99231-79238,customer571@outlook.com,Rs 37.69 L
CAR0109,Honda,Civic,2017,White,Petrol,Manual,Convertible,47413,Second Owner,1041198,2024-10-13,Dealer_C7,North,Corporate,Customer_7564,+91-95661-25120,customer793@yahoo.com,TN,1041198.0,2024-10-13,+91-95661-25120,customer793@yahoo.com,Rs 10.41 L
CAR0110,Hyundai,Unknown Model,2015,Black,CNG,Semi-Automatic,Coupe,67719,Third Owner,202409,2023-03-12,Dealer_E16,South,Dealer,Customer_7618,7457263513,customer120@hotmail.com,WB,202409.0,2023-03-12,+91-74572-63513,customer120@hotmail.com,Rs 2.02 L
CAR0111,Tata,Unknown Model,2023,Grey,CNG,Automatic,Hatchback,12169,Second Owner,4243058,2023-12-28,Dealer_B4,North,Individual,Customer_5408,7816763181,customer894@hotmail.com,WB,4243058.0,2023-12-28,+91-78167-63181,customer894@hotmail.com,Rs 42.43 L
CAR0112,Toyota,Etios,2010,Silver,Hybrid,Semi-Automatic,Convertible,131429,Third Owner,33.14 lakh,13/08/2024,Dealer_C12,South,Dealer,Customer_2972,7050766424,customer371@hotmail.com,RJ,3314000.0,2024-08-13,+91-70507-66424,customer371@hotmail.com,Rs 33.14 L
CAR0113,Maruti,Dzire,2021,Black,Unknown,Automatic,Wagon,102598,Third Owner,3262496,04/10/2023,Dealer_A15,East,Dealer,Customer_9470,8077925250,customer708yahoo.com,GJ,3262496.0,2023-10-04,+91-80779-25250,,Rs 32.62 L
CAR0114,Honda,7 Series,2018,White,Petrol,Semi-Automatic,Coupe,72558,Third Owner,3086857,10-19-2023,Dealer_C15,East,Corporate,Customer_6527,+91-73064-20495,customer352@yahoo.com,WB,3086857.0,2023-10-19,+91-73064-20495,customer352@yahoo.com,Rs 30.87 L
CAR0115,Mercedes,E-Class,2012,Blue,Petrol,Manual,Hatchback,11055,Fourth & Above,12.49 lakh,2024-04-29,Dealer_D15,Central,Dealer,Customer_6068,+91-75429-34161,customer859yahoo.com,WB,1249000.0,2024-04-29,+91-75429-34161,,Rs 12.49 L
CAR0117,Honda,Verna,2014,Silver,Diesel,Automatic,Sedan,127997,Second Owner,46.89 lakh,01-08-2023,Dealer_D20,West,Dealer,Customer_2297,9633743591,customer761@hotmail.com,WB,4689000.0,2023-08-01,+91-96337-43591,customer761@hotmail.com,Rs 46.89 L
CAR0118,Maruti,Unknown Model,2010,Red,CNG,Automatic,Sedan,44885,Third Owner,616343,2023-06-04,Dealer_B13,West,Individual,,+91-86854-38702,customer482@yahoo.com,MH,616343.0,2023-06-04,+91-86854-38702,customer482@yahoo.com,Rs 6.16 L
CAR0119,Maruti,Dzire,2021,Red,Petrol,Manual,Coupe,29631,First Owner,45.72 lakh,2024-07-16,Dealer_A20,East,Corporate,Customer_1246,+91-80440-60736,customer44@outlook.com,MH,4572000.0,2024-07-16,+91-80440-60736,customer44@outlook.com,Rs 45.72 L
CAR0120,Toyota,Fortuner,2020,Green,Electric,Automatic,Wagon,45348,Fourth & Above,4699257,22-01-23,Dealer_E13,South,Individual,Customer_6696,9571310779,customer159@outlook.com,GJ,4699257.0,2023-01-22,+91-95713-10779,customer159@outlook.com,Rs 46.99 L
CAR0121,Maruti,Baleno,2021,Brown,Petrol,Manual,Sedan,21604,Second Owner,0.47 crore,2023-04-24,Dealer_D2,East,Corporate,Customer_7366,+91-80992-47629,customer227gmail.com,RJ,4700000.0,2023-04-24,+91-80992-47629,customer227@gmail.com,Rs 47.00 L
CAR0122,Honda,Unknown Model,2023,Black,Hybrid,Semi-Automatic,Coupe,74681,Fourth & Above,4637748,14/07/2023,Dealer_D11,Central,Individual,Customer_7997,8724674934,customer615@outlook.com,TN,4637748.0,2023-07-14,+91-87246-74934,customer615@outlook.com,Rs 46.38 L
CAR0124,Honda,Mustang,2018,Silver,Hybrid,Semi-Automatic,Convertible,45557,Second Owner,990937,14/02/2024,Dealer_A13,North,Dealer,,7240186197,customer445@outlook.com,MH,990937.0,2024-02-14,+91-72401-86197,customer445@outlook.com,Rs 9.91 L
CAR0126,BMW,5 Series,2015,Green,Petrol,Manual,Convertible,95315,Third Owner,403061,28/08/2023,Dealer_B1,West,Corporate,Customer_1225,+91-90237-46966,customer215@yahoo.com,MH,403061.0,2023-08-28,+91-90237-46966,customer215@yahoo.com,Rs 4.03 L
CAR0128,Mercedes,E-Class,2016,Green,Unknown,Semi-Automatic,Coupe,138310,Second Owner,10.36 lakh,2023-01-23,Dealer_B3,West,Corporate,Customer_4869,7266329625,customer835@gmail.com,TN,1036000.0,2023-01-23,+91-72663-29625,customer835@gmail.com,Rs 10.36 L
CAR0129,Mercedes,E-Class,2019,Black,Hybrid,Semi-Automatic,Convertible,45042,Second Owner,3777447,13/11/2023,Dealer_E9,Central,Corporate,Customer_4016,8368752128,customer454@hotmail.com,TN,3777447.0,2023-11-13,+91-83687-52128,customer454@hotmail.com,Rs 37.77 L
CAR0131,Honda,Aspire,2013,Green,Electric,Semi-Automatic,Coupe,58171,First Owner,1915991,13-03-24,Dealer_D10,East,Dealer,Customer_1630,7182174975,customer753@gmail.com,KA,1915991.0,2024-03-13,+91-71821-74975,customer753@gmail.com,Rs 19.16 L
CAR0132,Mercedes,GLC,2019,White,Diesel,Automatic,Coupe,737859,Second Owner,4536655,13/07/2024,Dealer_A6,East,Corporate,Customer_3686,89301515,customer725@outlook.com,KA,4536655.0,2024-07-13,89301515,customer725@outlook.com,Rs 45.37 L
CAR0134,Maruti,Unknown Model,2019,Black,Hybrid,Manual,Coupe,129705,Third Owner,0.40 crore,2023-06-01,Dealer_A14,Central,Individual,Customer_3643,9555372323,customer768@hotmail.com,UP,4000000.0,2023-06-01,+91-95553-72323,customer768@hotmail.com,Rs 40.00 L
CAR0135,Tata,Harrier,2011,Blue,Hybrid,Semi-Automatic,Coupe,76937,Second Owner,2961601,09-11-2024,Dealer_D2,East,Dealer,Customer_9154,82476367,customer25@outlook.com,TN,2961601.0,2024-11-09,82476367,customer25@outlook.com,Rs 29.62 L
CAR0136,Toyota,Corolla,2021,Grey,Electric,Semi-Automatic,Wagon,78826,First Owner,2334208,2024-08-05,Dealer_C12,North,Individual,Customer_8546,87779148,customer534@hotmail.com,UP,2334208.0,2024-08-05,87779148,customer534@hotmail.com,Rs 23.34 L
CAR0137,Toyota,Fortuner,2016,Grey,CNG,Manual,Convertible,145056,First Owner,15.92 lakh,06-10-23,Dealer_B7,North,Dealer,,9073022618,customer496@hotmail.com,RJ,1592000.0,2023-10-06,+91-90730-22618,customer496@hotmail.com,Rs 15.92 L
CAR0138,Honda,City,2014,Silver,Electric,Manual,Hatchback,16542,Third Owner,9.30 lakh,08-03-2023,Dealer_E15,North,Individual,Customer_9422,+91-81641-59934,customer722@hotmail.com,MH,930000.0000000001,2023-03-08,+91-81641-59934,customer722@hotmail.com,Rs 9.30 L
CAR0139,Honda,Nexon,2011,Green,Electric,Semi-Automatic,Sedan,105558,Fourth & Above,651306,11-16-2023,Dealer_D4,East,Dealer,Customer_8625,9649746105,customer940@hotmail.com,WB,651306.0,2023-11-16,+91-96497-46105,customer940@hotmail.com,Rs 6.51 L
CAR0140,Hyundai,Verna,2022,Blue,Electric,Semi-Automatic,Sedan,96387,Fourth & Above,1268658,29-06-24,Dealer_D6,East,Dealer,Customer_8132,77433963,customer954outlook.com,DL,1268658.0,2024-06-29,77433963,,Rs 12.69 L
CAR0142,Ford,EcoSport,2013,White,Diesel,Manual,Coupe,118171,Third Owner,3507362,01-29-2024,Dealer_D12,South,Individual,Customer_8155,8786085602,customer953@outlook.com,RJ,3507362.0,2024-01-29,+91-87860-85602,customer953@outlook.com,Rs 35.07 L
CAR0143,Toyota,Etios,2017,Green,CNG,Semi-Automatic,Hatchback,67062,Fourth & Above,0.44 crore,26-04-23,Dealer_D12,East,Dealer,Customer_2279,+91-96329-82968,customer352@gmail.com,KA,4400000.0,2023-04-26,+91-96329-82968,customer352@gmail.com,Rs 44.00 L
CAR0144,Toyota,Etios,2021,Red,CNG,Semi-Automatic,Coupe,84710,Second Owner,4928710,26/03/2023,Dealer_D8,West,Corporate,Customer_3476,8014453592,customer352@gmail.com,KA,4928710.0,2023-03-26,+91-80144-53592,customer352@gmail.com,Rs 49.29 L
CAR0145,Maruti,Vitara Brezza,2021,Silver,Electric,Automatic,Convertible,95459,First Owner,655717,29/06/2024,Dealer_D15,South,Corporate,,9281887562,customer941@hotmail.com,TN,655717.0,2024-06-29,+91-92818-87562,customer941@hotmail.com,Rs 6.56 L
CAR0148,Ford,Unknown Model,2021,Silver,Petrol,Manual,Hatchback,89778,First Owner,2358695,13-03-23,Dealer_B11,West,Corporate,Customer_8234,09453906177,CUSTOMER510@YAHOO.COM,MH,2358695.0,2023-03-13,09453906177,customer510@yahoo.com,Rs 23.59 L
CAR0149,Tata,Unknown Model,2016,Grey,CNG,Manual,SUV,110883,Fourth & Above,7.88 lakh,07-11-23,Dealer_A7,North,Corporate,Customer_5750,8649970409,customer110@hotmail.com,TN,788000.0,2023-11-07,+91-86499-70409,customer110@hotmail.com,Rs 7.88 L
CAR0150,Tata,Tiago,2011,Grey,Electric,Semi-Automatic,Sedan,146702,First Owner,27.81 lakh,13-02-23,Dealer_C4,West,Corporate,,76081264,customer929@gmail.com,KA,2781000.0,2023-02-13,76081264,customer929@gmail.com,Rs 27.81 L
CAR0153,Honda,Amaze,2024,Silver,Hybrid,Automatic,Sedan,594372,Third Owner,3691525,26/02/2024,Dealer_B16,West,Individual,Customer_4860,9658245206,customer225@outlook.com,KA,3691525.0,2024-02-26,+91-96582-45206,customer225@outlook.com,Rs 36.92 L
CAR0154,Toyota,Camry,2020,Red,Electric,Manual,Convertible,100471,Third Owner,2591294,30/06/2023,Dealer_D6,West,Dealer,Customer_4769,8772083970,customer483outlook.com,KA,2591294.0,2023-06-30,+91-87720-83970,,Rs 25.91 L
CAR0155,Tata,Harrier,2020,Green,Hybrid,Semi-Automatic,Sedan,99002,Second Owner,24.62 lakh,06-25-2023,Dealer_D2,North,Dealer,Customer_9548,8987551590,customer253@yahoo.com,MH,2462000.0,2023-06-25,+91-89875-51590,customer253@yahoo.com,Rs 24.62 L
CAR0156,Mercedes,S-Class,2016,Black,Electric,Manual,Hatchback,130637,First Owner,0.10 crore,30/10/2023,Dealer_E18,Central,Individual,Customer_3271,08590943758,customer643@gmail.com,DL,1000000.0,2023-10-30,08590943758,customer643@gmail.com,Rs 10.00 L
CAR0157,BMW,3 Series,2018,Blue,Hybrid,Semi-Automatic,Hatchback,100417,Third Owner,632538,29/07/2023,Dealer_A7,West,Individual,Customer_5380,8601222993,customer126@outlook.com,DL,632538.0,2023-07-29,+91-86012-22993,customer126@outlook.com,Rs 6.33 L
CAR0159,Honda,City,2023,Green,CNG,Manual,Coupe,65903,Fourth & Above,4558892,03/08/2024,Dealer_C12,South,Individual,Customer_3725,7782888812,customer683@yahoo.com,MH,4558892.0,2024-08-03,+91-77828-88812,customer683@yahoo.com,Rs 45.59 L
CAR0160,BMW,X1,2012,White,CNG,Automatic,Sedan,102757,Second Owner,39.62 lakh,24/11/2023,Dealer_C2,Central,Corporate,Customer_3409,8454638551,customer143@gmail.com,TN,3961999.9999999995,2023-11-24,+91-84546-38551,customer143@gmail.com,Rs 39.62 L
CAR0161,Maruti,Baleno,2013,Black,Unknown,Automatic,Hatchback,10910,First Owner,901199,2024-09-09,Dealer_D17,East,Individual,Customer_2435,8785030376,customer994@outlook.com,RJ,901199.0,2024-09-09,+91-87850-30376,customer994@outlook.com,Rs 9.01 L
CAR0162,Honda,City,2016,Silver,Petrol,Automatic,Convertible,76651,Fourth & Above,3677195,02-13-2023,Dealer_D9,West,Corporate,Customer_8742,7770398201,customer123@hotmail.com,DL,3677195.0,2023-02-13,+91-77703-98201,customer123@hotmail.com,Rs 36.77 L
CAR0163,BMW,Unknown Model,2021,Silver,Petrol,Manual,Convertible,9599,Second Owner,23.77 lakh,10-13-2024,Dealer_C12,West,Dealer,Customer_3738,9941911500,customer372@gmail.com,GJ,2377000.0,2024-10-13,+91-99419-11500,customer372@gmail.com,Rs 23.77 L
CAR0164,Hyundai,i20,2013,Blue,CNG,Semi-Automatic,Sedan,45515,First Owner,4422681,2023-03-20,Dealer_A1,West,Dealer,,7509369768,customer233@hotmail.com,MH,4422681.0,2023-03-20,+91-75093-69768,customer233@hotmail.com,Rs 44.23 L
CAR0166,BMW,7 Series,2012,Grey,Petrol,Automatic,Coupe,120255,First Owner,1100303,23/04/2023,Dealer_A13,West,Corporate,Customer_8273,88380813,customer862@outlook.com,DL,1100303.0,2023-04-23,88380813,customer862@outlook.com,Rs 11.00 L
CAR0167,Honda,Civic,2016,Brown,CNG,Automatic,Wagon,110021,Second Owner,10.53 lakh,10-03-24,Dealer_A3,West,Corporate,Customer_7626,+91-89526-41348,customer257@outlook.com,MH,1053000.0,2024-03-10,+91-89526-41348,customer257@outlook.com,Rs 10.53 L
CAR0168,Hyundai,Venue,2019,Green,Hybrid,Automatic,Sedan,90709,Third Owner,1481247,08-11-24,Dealer_E16,Central,Corporate,Customer_8374,7141131770,customer906@yahoo.com,WB,1481247.0,2024-11-08,+91-71411-31770,customer906@yahoo.com,Rs 14.81 L
CAR0169,Honda,Altroz,2023,Silver,Hybrid,Automatic,Hatchback,45975,Second Owner,44.50 lakh,2023-01-29,Dealer_A15,West,Corporate,Customer_6855,8007694189,customer68hotmail.com,RJ,4450000.0,2023-01-29,+91-80076-94189,,Rs 44.50 L
CAR0170,Ford,EcoSport,2021,Black,Diesel,Manual,Hatchback,128129,Fourth & Above,3.87 lakh,05-29-2024,Dealer_A10,Central,Dealer,Customer_5708,7970172879,customer593@gmail.com,RJ,387000.0,2024-05-29,+91-79701-72879,customer593@gmail.com,Rs 3.87 L
CAR0171,BMW,5 Series,2016,White,Electric,Manual,Hatchback,110460,Third Owner,23.08 lakh,07-08-23,Dealer_E8,West,Individual,Customer_3420,8869980594,customer650@yahoo.com,DL,2308000.0,2023-08-07,+91-88699-80594,customer650@yahoo.com,Rs 23.08 L
CAR0172,Hyundai,Creta,2010,White,Petrol,Semi-Automatic,Sedan,69379,Third Owner,0.28 crore,12/10/2023,Dealer_B20,North,Dealer,Customer_7668,8704651250,customer115@gmail.com,GJ,2800000.0000000005,2023-10-12,+91-87046-51250,customer115@gmail.com,Rs 28.00 L
CAR0173,Mercedes,E-Class,2024,Green,Diesel,Automatic,SUV,115852,First Owner,2028786,04-26-2023,Dealer_D13,North,Dealer,Customer_1570,9966458557,customer394@hotmail.com,UP,2028786.0,2023-04-26,+91-99664-58557,customer394@hotmail.com,Rs 20.29 L
CAR0174,Ford,EcoSport,2024,Brown,CNG,Manual,Wagon,66724,Second Owner,2694964,2023-10-08,Dealer_B1,West,Individual,,8807625174,customer465@gmail.com,UP,2694964.0,2023-10-08,+91-88076-25174,customer465@gmail.com,Rs 26.95 L
CAR0175,BMW,7 Series,2011,Brown,CNG,Automatic,Convertible,34052,Second Owner,1523910,24-11-23,Dealer_D20,East,Individual,Customer_7182,7098655791,customer929@gmail.com,DL,1523910.0,2023-11-24,+91-70986-55791,customer929@gmail.com,Rs 15.24 L
CAR0176,BMW,5 Series,2019,Black,Diesel,Semi-Automatic,Hatchback,35762,Fourth & Above,318404,09-30-2023,Dealer_D7,West,Corporate,,8124420145,customer597outlook.com,RJ,318404.0,2023-09-30,+91-81244-20145,,Rs 3.18 L
CAR0177,Ford,EcoSport,2011,Red,Hybrid,Manual,Hatchback,20401,Third Owner,637152,31-05-24,Dealer_E9,Central,Dealer,Customer_8669,7609008040,customer512@hotmail.com,RJ,637152.0,2024-05-31,+91-76090-08040,customer512@hotmail.com,Rs 6.37 L
CAR0178,Hyundai,Verna,2021,White,Petrol,Semi-Automatic,Sedan,133784,Second Owner,1468900,24/09/2023,Dealer_B16,North,Dealer,Customer_3425,7775907148,customer577@yahoo.com,MH,1468900.0,2023-09-24,+91-77759-07148,customer577@yahoo.com,Rs 14.69 L
CAR0180,Mercedes,GLC,2020,Grey,Electric,Automatic,SUV,45405,Fourth & Above,1211682,12/01/2024,Dealer_C8,Central,Dealer,Customer_7979,9905287810,customer508@gmail.com,UP,1211682.0,2024-01-12,+91-99052-87810,customer508@gmail.com,Rs 12.12 L
CAR0182,Honda,City,2012,Grey,Petrol,Manual,SUV,130074,First Owner,0.41 crore,22-11-24,Dealer_D16,West,Individual,Customer_4961,+91-78199-71340,customer789@outlook.com,WB,4099999.9999999995,2024-11-22,+91-78199-71340,customer789@outlook.com,Rs 41.00 L
CAR0183,Maruti,Alto,2014,Silver,Electric,Manual,Coupe,107690,Third Owner,627166,14-02-24,Dealer_C15,South,Corporate,Customer_2040,7502256641,customer715outlook.com,TN,627166.0,2024-02-14,+91-75022-56641,,Rs 6.27 L
CAR0184,BMW,7 Series,2023,Grey,Diesel,Automatic,Sedan,127805,First Owner,13.00 lakh,15/06/2023,Dealer_E8,West,Dealer,Customer_9089,7077870311,customer179@gmail.com,GJ,1300000.0,2023-06-15,+91-70778-70311,customer179@gmail.com,Rs 13.00 L
CAR0185,BMW,3 Series,2022,Green,Hybrid,Semi-Automatic,Coupe,75121,Second Owner,1468176,2023-04-24,Dealer_A8,West,Dealer,Customer_6925,9172809426,customer373@hotmail.com,UP,1468176.0,2023-04-24,+91-91728-09426,customer373@hotmail.com,Rs 14.68 L
CAR0186,Hyundai,i20,2014,Brown,Unknown,Semi-Automatic,Wagon,102631,Third Owner,3681344,24-02-24,Dealer_E10,East,Dealer,Customer_6157,8689065733,customer925@gmail.com,MH,3681344.0,2024-02-24,+91-86890-65733,customer925@gmail.com,Rs 36.81 L
CAR0187,Ford,Mustang,2019,Brown,Diesel,Manual,Hatchback,43498,First Owner,35.88 lakh,2023-11-05,Dealer_E12,North,Individual,,9318993035,customer744@outlook.com,DL,3588000.0000000005,2023-11-05,+91-93189-93035,customer744@outlook.com,Rs 35.88 L
CAR0188,Tata,Safari,2019,Black,Hybrid,Automatic,Convertible,6366,Third Owner,4001273,19/10/2023,Dealer_D14,West,Corporate,Customer_7751,90454913,customer694@outlook.com,WB,4001273.0,2023-10-19,90454913,customer694@outlook.com,Rs 40.01 L
CAR0189,Mercedes,E-Class,2012,Green,Unknown,Manual,Convertible,137588,Fourth & Above,1266393,06-10-2023,Dealer_C3,North,Dealer,Customer_7135,7610485820,customer313@hotmail.com,WB,1266393.0,2023-10-06,+91-76104-85820,customer313@hotmail.com,Rs 12.66 L
CAR0190,Ford,Mustang,2017,Green,Electric,Semi-Automatic,Convertible,93558,First Owner,33.65 lakh,06-02-2023,Dealer_B16,Central,Individual,Customer_8259,7106532739,customer575@gmail.com,DL,3365000.0,2023-02-06,+91-71065-32739,customer575@gmail.com,Rs 33.65 L
CAR0191,Hyundai,i20,2014,Grey,Hybrid,Manual,Hatchback,58950,Third Owner,0.23 crore,16-02-23,Dealer_B14,East,Dealer,Customer_5675,8317671115,customer985@hotmail.com,RJ,2300000.0,2023-02-16,+91-83176-71115,customer985@hotmail.com,Rs 23.00 L
CAR0192,Honda,City,2013,Green,Petrol,Semi-Automatic,Convertible,67815,Third Owner,21.84 lakh,09-03-23,Dealer_D2,North,Dealer,Customer_3057,9730735895,customer554@yahoo.com,UP,2184000.0,2023-03-09,+91-97307-35895,customer554@yahoo.com,Rs 21.84 L
CAR0193,Hyundai,i20,2010,Silver,Hybrid,Manual,Sedan,131402,Second Owner,2492631,2024-06-30,Dealer_E16,North,Individual,Customer_6215,8944409357,customer216@outlook.com,KA,2492631.0,2024-06-30,+91-89444-09357,customer216@outlook.com,Rs 24.93 L
CAR0194,Mercedes,S-Class,2024,Green,Petrol,Manual,Sedan,133182,Fourth & Above,3494970,28-12-23,Dealer_C16,Central,Individual,Customer_1324,+91-78225-36398,customer629@hotmail.com,MH,3494970.0,2023-12-28,+91-78225-36398,customer629@hotmail.com,Rs 34.95 L
CAR0195,Maruti,Dzire,2011,White,Hybrid,Semi-Automatic,Convertible,77704,Third Owner,49.74 lakh,2023-05-12,Dealer_D16,East,Corporate,Customer_9731,7008396505,customer54@hotmail.com,MH,4974000.0,2023-05-12,+91-70083-96505,customer54@hotmail.com,Rs 49.74 L
CAR0196,Maruti,Unknown Model,2014,Red,Petrol,Automatic,Convertible,115116,First Owner,4666181,20-08-23,Dealer_A3,North,Individual,Customer_6477,8463733306,customer243@gmail.com,RJ,4666181.0,2023-08-20,+91-84637-33306,customer243@gmail.com,Rs 46.66 L
CAR0197,BMW,3 Series,2022,Red,Hybrid,Automatic,Hatchback,38432,Second Owner,7.20 lakh,26-01-24,Dealer_C14,West,Corporate,Customer_2659,8950244847,customer13@gmail.com,WB,720000.0,2024-01-26,+91-89502-44847,customer13@gmail.com,Rs 7.20 L
CAR0198,Hyundai,Creta,2012,White,Diesel,Semi-Automatic,Coupe,16552,Fourth & Above,7.07 lakh,11-13-2023,Dealer_C6,North,Dealer,Customer_4201,7293791975,customer479@hotmail.com,MH,707000.0,2023-11-13,+91-72937-91975,customer479@hotmail.com,Rs 7.07 L
CAR0199,Tata,Harrier,2024,Brown,Electric,Automatic,SUV,560392,First Owner,0.21 crore,2023-07-08,Dealer_D4,East,Individual,Customer_4241,7748546314,customer23@yahoo.com,UP,2100000.0,2023-07-08,+91-77485-46314,customer23@yahoo.com,Rs 21.00 L
CAR0200,Tata,Harrier,2015,White,Hybrid,Manual,Convertible,102609,Fourth & Above,16.37 lakh,14/05/2023,Dealer_A6,Central,Dealer,Customer_9773,9703506410,customer992@outlook.com,GJ,1637000.0,2023-05-14,+91-97035-06410,customer992@outlook.com,Rs 16.37 L
CAR0201,Tata,Altroz,2017,Red,Hybrid,Automatic,Sedan,51923,Fourth & Above,2899648,27-07-23,Dealer_B15,South,Dealer,Customer_2376,7176707493,customer479@outlook.com,DL,2899648.0,2023-07-27,+91-71767-07493,customer479@outlook.com,Rs 29.00 L
CAR0202,BMW,Unknown Model,2014,Black,CNG,Manual,Convertible,136534,First Owner,45.02 lakh,11-22-2024,Dealer_B13,South,Individual,,8286231691,customer969@outlook.com,TN,4502000.0,2024-11-22,+91-82862-31691,customer969@outlook.com,Rs 45.02 L
CAR0203,Tata,Harrier,2018,Brown,Petrol,Automatic,Convertible,149864,Fourth & Above,4132062,2024-04-05,Dealer_E19,West,Dealer,Customer_7608,+91-95209-52914,customer805@gmail.com,TN,4132062.0,2024-04-05,+91-95209-52914,customer805@gmail.com,Rs 41.32 L
CAR0204,Mercedes,C-Class,2018,White,Electric,Semi-Automatic,SUV,106301,Second Owner,17.80 lakh,09-09-24,Dealer_C14,West,Individual,Customer_7039,8764635577,customer429@outlook.com,UP,1780000.0,2024-09-09,+91-87646-35577,customer429@outlook.com,Rs 17.80 L
CAR0205,Maruti,Vitara Brezza,2021,Grey,Electric,Automatic,SUV,125312,Second Owner,0.25 crore,17-05-24,Dealer_C18,East,Corporate,Customer_3869,8855754938,customer583@gmail.com,DL,2500000.0,2024-05-17,+91-88557-54938,customer583@gmail.com,Rs 25.00 L
CAR0206,Maruti,Unknown Model,2016,Silver,Electric,Manual,SUV,149919,Fourth & Above,12.17 lakh,15-02-23,Dealer_B1,Central,Individual,Customer_2878,89939194,customer562@yahoo.com,KA,1217000.0,2023-02-15,89939194,customer562@yahoo.com,Rs 12.17 L
CAR0207,Honda,EcoSport,2018,Red,Petrol,Manual,Sedan,107458,First Owner,0.16 crore,29/06/2024,Dealer_B6,North,Dealer,Customer_7183,80245229,customer29@gmail.com,DL,1600000.0,2024-06-29,80245229,customer29@gmail.com,Rs 16.00 L
CAR0208,BMW,X1,2018,Red,Hybrid,Manual,Wagon,54688,Second Owner,1937442,2023-11-20,Dealer_C16,North,Dealer,Customer_9185,9444717125,customer647@outlook.com,MH,1937442.0,2023-11-20,+91-94447-17125,customer647@outlook.com,Rs 19.37 L
CAR0209,Tata,Tiago,2018,Brown,Diesel,Manual,Wagon,65928,First Owner,44.23 lakh,2024-09-26,Dealer_C11,South,Individual,Customer_8270,97642498,customer811@outlook.com,MH,4423000.0,2024-09-26,97642498,customer811@outlook.com,Rs 44.23 L
CAR0211,Hyundai,Venue,2010,Silver,CNG,Manual,Sedan,104986,Third Owner,37.85 lakh,10-11-23,Dealer_D19,South,Individual,Customer_9203,8785934003,customer502@hotmail.com,RJ,3785000.0,2023-11-10,+91-87859-34003,customer502@hotmail.com,Rs 37.85 L
CAR0212,Ford,Endeavour,2018,Grey,Diesel,Semi-Automatic,Hatchback,133089,Third Owner,3288522,2024-11-23,Dealer_E18,West,Corporate,Customer_2512,95175398,customer932@yahoo.com,UP,3288522.0,2024-11-23,95175398,customer932@yahoo.com,Rs 32.89 L
CAR0213,Mercedes,C-Class,2011,Green,CNG,Automatic,SUV,95280,First Owner,1397167,13-03-23,Dealer_A10,North,Dealer,Customer_8383,7784816771,customer893@outlook.com,DL,1397167.0,2023-03-13,+91-77848-16771,customer893@outlook.com,Rs 13.97 L
CAR0214,Ford,EcoSport,2015,Red,Hybrid,Automatic,Wagon,12776,First Owner,21.69 lakh,2023-02-12,Dealer_D5,North,Corporate,Customer_8036,8353875904,customer388@gmail.com,DL,2169000.0,2023-02-12,+91-83538-75904,customer388@gmail.com,Rs 21.69 L
CAR0217,Honda,Accord,2021,Black,Hybrid,Manual,Wagon,54324,First Owner,1173969,03-09-2024,Dealer_E16,South,Dealer,Customer_3370,9920495836,customer682@gmail.com,UP,1173969.0,2024-09-03,+91-99204-95836,customer682@gmail.com,Rs 11.74 L
CAR0218,Mercedes,C-Class,2022,White,Hybrid,Automatic,Convertible,92331,Fourth & Above,1480959,02-06-2024,Dealer_A10,West,Corporate,,8215646998,customer562outlook.com,KA,1480959.0,2024-06-02,+91-82156-46998,,Rs 14.81 L
CAR0219,Hyundai,Venue,2021,Grey,Electric,Manual,Hatchback,131469,Second Owner,2641769,2024-08-12,Dealer_E6,West,Corporate,Customer_3943,8453785515,customer414yahoo.com,DL,2641769.0,2024-08-12,+91-84537-85515,,Rs 26.42 L
CAR0220,Honda,Tiago,2014,Green,Diesel,Semi-Automatic,Convertible,121685,First Owner,3281329,07/04/2023,Dealer_B1,Central,Dealer,Customer_1323,9276709161,customer731@gmail.com,GJ,3281329.0,2023-04-07,+91-92767-09161,customer731@gmail.com,Rs 32.81 L
CAR0221,Honda,City,2012,White,CNG,Semi-Automatic,Hatchback,995868,Second Owner,15.52 lakh,2024-11-04,Dealer_B20,West,Individual,Customer_6769,9845918325,customer307@yahoo.com,UP,1552000.0,2024-11-04,+91-98459-18325,customer307@yahoo.com,Rs 15.52 L
CAR0222,Ford,Aspire,2020,Silver,Diesel,Automatic,SUV,47813,Third Owner,3555941,23/10/2024,Dealer_C1,North,Dealer,,7535244065,customer338@gmail.com,TN,3555941.0,2024-10-23,+91-75352-44065,customer338@gmail.com,Rs 35.56 L
CAR0223,Mercedes,C-Class,2022,Silver,CNG,Semi-Automatic,SUV,37375,Fourth & Above,1674141,2024-09-14,Dealer_E14,West,Individual,,9205746669,customer582hotmail.com,WB,1674141.0,2024-09-14,+91-92057-46669,,Rs 16.74 L
CAR0224,BMW,X5,2018,Blue,Petrol,Semi-Automatic,Wagon,80188,First Owner,2513770,02-21-2024,Dealer_E12,South,Corporate,Customer_1175,7585955440,customer910@gmail.com,MH,2513770.0,2024-02-21,+91-75859-55440,customer910@gmail.com,Rs 25.14 L
CAR0225,Tata,Harrier,2020,White,Petrol,Automatic,Hatchback,142236,First Owner,2088012,04-26-2023,Dealer_C12,North,Individual,Customer_7449,9761550738,customer914outlook.com,GJ,2088012.0,2023-04-26,+91-97615-50738,,Rs 20.88 L
CAR0226,Hyundai,Venue,2015,Red,Electric,Automatic,SUV,7323,Fourth & Above,10.50 lakh,11-03-2024,Dealer_B16,East,Individual,Customer_8198,8542910061,customer292@gmail.com,RJ,1050000.0,2024-03-11,+91-85429-10061,customer292@gmail.com,Rs 10.50 L
CAR0228,Maruti,Swift,2020,Black,Diesel,Automatic,SUV,94690,Third Owner,38.04 lakh,07/06/2024,Dealer_A2,West,Dealer,Customer_9230,9701138888,customer40@hotmail.com,UP,3804000.0,2024-06-07,+91-97011-38888,customer40@hotmail.com,Rs 38.04 L
CAR0231,Hyundai,Venue,2022,Red,CNG,Manual,Sedan,138504,Second Owner,3422487,09-06-24,Dealer_C20,East,Dealer,,7636254180,customer895@gmail.com,DL,3422487.0,2024-06-09,+91-76362-54180,customer895@gmail.com,Rs 34.22 L
CAR0235,BMW,X1,2013,Grey,Electric,Automatic,Wagon,105858,Second Owner,1142952,2023-03-28,Dealer_D3,North,Corporate,Customer_2702,8139888502,customer3@yahoo.com,RJ,1142952.0,2023-03-28,+91-81398-88502,customer3@yahoo.com,Rs 11.43 L
CAR0236,Ford,Figo,2011,Grey,Hybrid,Semi-Automatic,SUV,89686,Second Owner,1269847,31/10/2024,Dealer_E14,South,Individual,,7073678674,customer113@gmail.com,TN,1269847.0,2024-10-31,+91-70736-78674,customer113@gmail.com,Rs 12.70 L
CAR0238,Toyota,Etios,2023,Grey,Petrol,Manual,Coupe,114181,Second Owner,14.56 lakh,2024-10-22,Dealer_E2,South,Dealer,Customer_8443,9155525720,customer279@gmail.com,KA,1456000.0,2024-10-22,+91-91555-25720,customer279@gmail.com,Rs 14.56 L
CAR0239,Honda,CR-V,2017,Blue,Diesel,Automatic,Coupe,87100,Fourth & Above,35.98 lakh,2023-12-10,Dealer_E7,East,Dealer,Customer_1530,07192734662,CUSTOMER323@GMAIL.COM,GJ,3597999.9999999995,2023-12-10,07192734662,customer323@gmail.com,Rs 35.98 L
CAR0240,Hyundai,i20,2015,Red,Diesel,Semi-Automatic,Convertible,111767,Third Owner,44.24 lakh,05-06-23,Dealer_E3,South,Corporate,Customer_9218,8466367500,customer639outlook.com,WB,4424000.0,2023-06-05,+91-84663-67500,,Rs 44.24 L
CAR0241,Honda,City,2012,Silver,Electric,Automatic,Wagon,86144,Fourth & Above,0.48 crore,10-14-2023,Dealer_D17,West,Dealer,Customer_3031,8231045296,customer133@outlook.com,MH,4800000.0,2023-10-14,+91-82310-45296,customer133@outlook.com,Rs 48.00 L
CAR0242,Toyota,Corolla,2021,Green,Diesel,Automatic,SUV,7082,Second Owner,1496561,24-12-23,Dealer_B11,Central,Individual,,8470697907,CUSTOMER488@GMAIL.COM,RJ,1496561.0,2023-12-24,+91-84706-97907,customer488@gmail.com,Rs 14.97 L
CAR0244,BMW,X1,2010,Red,Electric,Semi-Automatic,Coupe,890965,Fourth & Above,4047511,09-05-23,Dealer_D14,East,Dealer,,+91-85624-85301,customer919@hotmail.com,RJ,4047511.0,2023-05-09,+91-85624-85301,customer919@hotmail.com,Rs 40.48 L
CAR0245,BMW,3 Series,2024,Brown,Hybrid,Semi-Automatic,Hatchback,51088,Fourth & Above,4048891,2024-09-27,Dealer_D14,West,Individual,Customer_2633,9867793214,customer466outlook.com,GJ,4048891.0,2024-09-27,+91-98677-93214,,Rs 40.49 L
CAR0246,Maruti,Vitara Brezza,2014,Red,Diesel,Manual,SUV,75152,First Owner,2418779,06-07-2023,Dealer_E4,Central,Dealer,Customer_7444,7553494404,customer413@hotmail.com,UP,2418779.0,2023-07-06,+91-75534-94404,customer413@hotmail.com,Rs 24.19 L
CAR0247,Honda,Unknown Model,2013,Blue,Diesel,Manual,Hatchback,29446,First Owner,982366,26/01/2023,Dealer_B3,North,Dealer,Customer_7194,7617485408,customer106@gmail.com,GJ,982366.0,2023-01-26,+91-76174-85408,customer106@gmail.com,Rs 9.82 L
CAR0248,Maruti,Dzire,2011,Green,Hybrid,Automatic,Sedan,133722,Second Owner,3.84 lakh,07-04-2023,Dealer_B1,East,Individual,,9240892982,customer31@gmail.com,TN,384000.0,2023-04-07,+91-92408-92982,customer31@gmail.com,Rs 3.84 L
CAR0249,Honda,Unknown Model,2014,Brown,CNG,Semi-Automatic,Sedan,76740,First Owner,42.40 lakh,14/02/2024,Dealer_E9,Central,Dealer,Customer_8992,8166830594,customer440@yahoo.com,UP,4240000.0,2024-02-14,+91-81668-30594,customer440@yahoo.com,Rs 42.40 L
CAR0250,BMW,X5,2010,White,CNG,Automatic,Sedan,35054,Fourth & Above,0.17 crore,2023-05-06,Dealer_D16,North,Dealer,Customer_4562,+91-98834-04698,customer915@outlook.com,RJ,1700000.0000000002,2023-05-06,+91-98834-04698,customer915@outlook.com,Rs 17.00 L
CAR0252,Toyota,Corolla,2010,Grey,Petrol,Automatic,Wagon,7725,Third Owner,1363788,2024-07-04,Dealer_A17,Central,Individual,Customer_7218,+91-89786-64640,customer327@yahoo.com,WB,1363788.0,2024-07-04,+91-89786-64640,customer327@yahoo.com,Rs 13.64 L
CAR0253,Honda,Safari,2015,Black,Electric,Manual,Convertible,613317,Fourth & Above,20.94 lakh,18-03-23,Dealer_B13,South,Individual,Customer_9420,8950009490,customer134@yahoo.com,UP,2094000.0000000002,2023-03-18,+91-89500-09490,customer134@yahoo.com,Rs 20.94 L
CAR0254,Mercedes,E-Class,2020,Red,Diesel,Semi-Automatic,Sedan,85516,First Owner,1056177,27-06-24,Dealer_B4,North,Individual,Customer_7058,8815003262,customer283@outlook.com,UP,1056177.0,2024-06-27,+91-88150-03262,customer283@outlook.com,Rs 10.56 L
CAR0255,Maruti,Swift,2018,Silver,Petrol,Semi-Automatic,SUV,31484,Third Owner,2510721,25/06/2023,Dealer_A20,East,Dealer,Customer_4909,08426596199,customer486@outlook.com,MH,2510721.0,2023-06-25,08426596199,customer486@outlook.com,Rs 25.11 L
CAR0256,Tata,Harrier,2017,White,Hybrid,Automatic,SUV,33674,Second Owner,578968,04-13-2023,Dealer_C16,North,Individual,Customer_5933,9558699034,customer656@gmail.com,RJ,578968.0,2023-04-13,+91-95586-99034,customer656@gmail.com,Rs 5.79 L
CAR0257,BMW,5 Series,2021,Green,Electric,Automatic,Convertible,28402,Fourth & Above,18.26 lakh,23/06/2024,Dealer_C20,Central,Corporate,Customer_9520,8954328975,customer113@gmail.com,KA,1826000.0000000002,2024-06-23,+91-89543-28975,customer113@gmail.com,Rs 18.26 L
CAR0258,Honda,Unknown Model,2014,Brown,Hybrid,Manual,Sedan,21938,Third Owner,26.72 lakh,2023-01-01,Dealer_C10,Central,Dealer,Customer_3337,73466809,customer956@hotmail.com,KA,2672000.0,2023-01-01,73466809,customer956@hotmail.com,Rs 26.72 L
CAR0259,Mercedes,GLC,2022,Green,Hybrid,Automatic,Convertible,41484,Fourth & Above,18.74 lakh,20-01-24,Dealer_E10,North,Dealer,,+91-88078-31725,customer144@hotmail.com,KA,1873999.9999999998,2024-01-20,+91-88078-31725,customer144@hotmail.com,Rs 18.74 L
CAR0260,Mercedes,Unknown Model,2017,Silver,Petrol,Semi-Automatic,Sedan,140792,First Owner,40.61 lakh,2023-12-06,Dealer_E4,South,Individual,Customer_4662,09698267940,customer497yahoo.com,DL,4061000.0,2023-12-06,09698267940,,Rs 40.61 L
CAR0261,Tata,Nexon,2023,Silver,Diesel,Manual,SUV,137593,Third Owner,3922997,28-11-24,Dealer_A10,West,Individual,Customer_9956,7429581274,customer401@outlook.com,RJ,3922997.0,2024-11-28,+91-74295-81274,customer401@outlook.com,Rs 39.23 L
CAR0263,BMW,7 Series,2015,Brown,Diesel,Semi-Automatic,Wagon,125450,Second Owner,1374734,12/09/2024,Dealer_B4,South,Corporate,,7126795342,customer109@outlook.com,RJ,1374734.0,2024-09-12,+91-71267-95342,customer109@outlook.com,Rs 13.75 L
CAR0264,Honda,C-Class,2010,White,Diesel,Automatic,Coupe,70662,First Owner,11.60 lakh,05-04-24,Dealer_E18,North,Dealer,Customer_8111,+91-95001-34621,customer983@gmail.com,KA,1160000.0,2024-04-05,+91-95001-34621,customer983@gmail.com,Rs 11.60 L
CAR0265,Tata,Harrier,2023,Green,Electric,Automatic,Sedan,59388,Third Owner,4984610,2024-01-21,Dealer_E4,Central,Dealer,Customer_5749,7291855134,customer548@yahoo.com,UP,4984610.0,2024-01-21,+91-72918-55134,customer548@yahoo.com,Rs 49.85 L
CAR0267,Honda,Amaze,2017,Black,Petrol,Automatic,Wagon,38938,First Owner,2469188,2023-02-26,Dealer_E19,North,Individual,Customer_7993,9644210361,customer448@gmail.com,TN,2469188.0,2023-02-26,+91-96442-10361,customer448@gmail.com,Rs 24.69 L
CAR0268,Toyota,Unknown Model,2010,Brown,CNG,Automatic,SUV,38217,Third Owner,38.79 lakh,2023-05-06,Dealer_E8,East,Corporate,Customer_5795,8369488764,customer923@outlook.com,TN,3879000.0,2023-05-06,+91-83694-88764,customer923@outlook.com,Rs 38.79 L
CAR0269,Honda,Accord,2021,Red,Electric,Automatic,Hatchback,42214,Fourth & Above,500879,25-08-24,Dealer_E7,North,Dealer,Customer_7214,+91-83106-01021,customer782@hotmail.com,RJ,500879.0,2024-08-25,+91-83106-01021,customer782@hotmail.com,Rs 5.01 L
CAR0272,Tata,Unknown Model,2015,Blue,Diesel,Manual,Sedan,130883,Fourth & Above,48.69 lakh,09-22-2023,Dealer_E8,East,Individual,Customer_4018,7180197885,customer266hotmail.com,DL,4869000.0,2023-09-22,+91-71801-97885,,Rs 48.69 L
CAR0273,Tata,Nexon,2018,Silver,CNG,Manual,SUV,25303,First Owner,2187921,12-01-2023,Dealer_E17,Central,Corporate,Customer_1418,9182626233,customer388@gmail.com,RJ,2187921.0,2023-01-12,+91-91826-26233,customer388@gmail.com,Rs 21.88 L
CAR0274,Honda,Amaze,2022,Black,Electric,Semi-Automatic,Hatchback,18482,Third Owner,4162184,06/01/2024,Dealer_C4,North,Dealer,Customer_8932,9445306350,customer251@outlook.com,RJ,4162184.0,2024-01-06,+91-94453-06350,customer251@outlook.com,Rs 41.62 L
CAR0276,Mercedes,A-Class,2015,Blue,Electric,Automatic,Sedan,38411,Third Owner,3574883,2023-02-16,Dealer_E17,Central,Corporate,Customer_9345,8588596335,customer181@hotmail.com,RJ,3574883.0,2023-02-16,+91-85885-96335,customer181@hotmail.com,Rs 35.75 L
CAR0277,Ford,Unknown Model,2016,Silver,CNG,Manual,Sedan,88513,Second Owner,16.97 lakh,09-22-2024,Dealer_C7,East,Corporate,Customer_2738,7888384398,customer613@gmail.com,RJ,1697000.0,2024-09-22,+91-78883-84398,customer613@gmail.com,Rs 16.97 L
CAR0279,Honda,Accord,2012,Red,Petrol,Manual,Sedan,137922,Second Owner,30.13 lakh,06-17-2024,Dealer_D18,Central,Individual,Customer_4607,7803609225,customer897@gmail.com,KA,3013000.0,2024-06-17,+91-78036-09225,customer897@gmail.com,Rs 30.13 L
CAR0280,Toyota,Innova,2021,Black,CNG,Automatic,Sedan,73963,Third Owner,3390105,15-11-24,Dealer_C9,Central,Individual,Customer_5053,8369690651,customer132@outlook.com,RJ,3390105.0,2024-11-15,+91-83696-90651,customer132@outlook.com,Rs 33.90 L
CAR0281,Toyota,Etios,2022,Green,Diesel,Semi-Automatic,Convertible,89722,First Owner,2394503,2023-12-14,Dealer_B12,Central,Individual,,70906998,customer722@hotmail.com,KA,2394503.0,2023-12-14,70906998,customer722@hotmail.com,Rs 23.95 L
CAR0282,Mercedes,E-Class,2014,Blue,Diesel,Automatic,Convertible,47311,Third Owner,33.36 lakh,2024-05-11,Dealer_C11,West,Corporate,Customer_5423,+91-87840-43645,customer761yahoo.com,MH,3336000.0,2024-05-11,+91-87840-43645,,Rs 33.36 L
CAR0283,Ford,Endeavour,2017,Silver,Hybrid,Semi-Automatic,Coupe,58127,Second Owner,1036169,30/06/2024,Dealer_E16,Central,Corporate,Customer_4802,8334059024,customer98@yahoo.com,TN,1036169.0,2024-06-30,+91-83340-59024,customer98@yahoo.com,Rs 10.36 L
CAR0285,Mercedes,C-Class,2014,White,Electric,Semi-Automatic,Hatchback,35823,First Owner,3853065,19/06/2024,Dealer_A2,Central,Dealer,Customer_3217,8364459686,customer6@hotmail.com,KA,3853065.0,2024-06-19,+91-83644-59686,customer6@hotmail.com,Rs 38.53 L
CAR0286,Honda,Accord,2020,Silver,Petrol,Automatic,Sedan,64252,Second Owner,3093712,02-17-2024,Dealer_E5,South,Individual,Customer_9557,9543350686,CUSTOMER631@OUTLOOK.COM,WB,3093712.0,2024-02-17,+91-95433-50686,customer631@outlook.com,Rs 30.94 L
CAR0288,Hyundai,Verna,2021,Grey,Diesel,Semi-Automatic,Coupe,42456,Third Owner,3867862,10-01-24,Dealer_A9,East,Corporate,,8333117905,CUSTOMER515@GMAIL.COM,MH,3867862.0,2024-01-10,+91-83331-17905,customer515@gmail.com,Rs 38.68 L
CAR0289,Toyota,Innova,2019,White,Electric,Manual,Wagon,124139,Third Owner,43.13 lakh,01/07/2023,Dealer_A3,South,Corporate,Customer_4181,9886179015,customer928@hotmail.com,KA,4313000.0,2023-07-01,+91-98861-79015,customer928@hotmail.com,Rs 43.13 L
CAR0290,Ford,EcoSport,2012,Red,Petrol,Manual,Wagon,121234,Second Owner,5.73 lakh,07-28-2024,Dealer_B10,North,Dealer,Customer_2415,7727291890,customer84@yahoo.com,UP,573000.0,2024-07-28,+91-77272-91890,customer84@yahoo.com,Rs 5.73 L
CAR0291,Hyundai,Verna,2012,Green,Diesel,Automatic,Coupe,87717,Second Owner,3672739,05-16-2024,Dealer_C2,North,Corporate,Customer_8108,7890977891,customer761hotmail.com,KA,3672739.0,2024-05-16,+91-78909-77891,,Rs 36.73 L
CAR0292,Tata,Harrier,2017,Red,Diesel,Manual,Hatchback,89670,First Owner,3322934,05-01-2024,Dealer_E13,Central,Individual,Customer_8126,8602945271,customer42@yahoo.com,KA,3322934.0,2024-01-05,+91-86029-45271,customer42@yahoo.com,Rs 33.23 L
CAR0293,Hyundai,Verna,2024,Blue,Diesel,Manual,Wagon,577327,Third Owner,1864821,05-25-2023,Dealer_B4,West,Individual,Customer_5009,7021237667,customer704@outlook.com,GJ,1864821.0,2023-05-25,+91-70212-37667,customer704@outlook.com,Rs 18.65 L
CAR0294,Hyundai,Venue,2022,Red,Hybrid,Manual,Coupe,90750,Fourth & Above,2575608,15/09/2024,Dealer_B6,West,Corporate,,8296813490,customer436@yahoo.com,DL,2575608.0,2024-09-15,+91-82968-13490,customer436@yahoo.com,Rs 25.76 L
CAR0295,Tata,Unknown Model,2015,Green,Petrol,Automatic,Convertible,31582,Third Owner,0.36 crore,17-11-24,Dealer_D14,North,Dealer,Customer_6489,7768110072,customer691@gmail.com,UP,3600000.0,2024-11-17,+91-77681-10072,customer691@gmail.com,Rs 36.00 L
CAR0296,Toyota,Camry,2023,Red,Hybrid,Semi-Automatic,Hatchback,133351,Fourth & Above,0.41 crore,07-03-2023,Dealer_C2,South,Corporate,Customer_2377,9119352876,customer706@yahoo.com,DL,4099999.9999999995,2023-03-07,+91-91193-52876,customer706@yahoo.com,Rs 41.00 L
CAR0297,Mercedes,S-Class,2021,Silver,Hybrid,Manual,SUV,25647,Third Owner,3033443,23-03-23,Dealer_A14,South,Dealer,Customer_8748,9958645269,customer620@outlook.com,UP,3033443.0,2023-03-23,+91-99586-45269,customer620@outlook.com,Rs 30.33 L
CAR0298,Tata,Unknown Model,2022,Green,CNG,Automatic,Hatchback,88403,Fourth & Above,1014933,10-12-2024,Dealer_D15,North,Individual,Customer_9720,7138583584,customer499hotmail.com,KA,1014933.0,2024-12-10,+91-71385-83584,,Rs 10.15 L
CAR0299,BMW,7 Series,2016,Brown,Diesel,Automatic,Coupe,113892,Second Owner,396363,2023-05-07,Dealer_D10,West,Individual,Customer_4567,8559823360,customer649@hotmail.com,KA,396363.0,2023-05-07,+91-85598-23360,customer649@hotmail.com,Rs 3.96 L
CAR0300,Mercedes,GLC,2010,Brown,Petrol,Manual,SUV,144635,Fourth & Above,3002255,25/02/2024,Dealer_B16,South,Dealer,,9582746741,customer885@yahoo.com,KA,3002255.0,2024-02-25,+91-95827-46741,customer885@yahoo.com,Rs 30.02 L
CAR0301,Ford,EcoSport,2024,Green,Unknown,Semi-Automatic,Coupe,13097,First Owner,1936502,04-24-2023,Dealer_A12,West,Corporate,Customer_8703,8116817098,customer622@gmail.com,WB,1936502.0,2023-04-24,+91-81168-17098,customer622@gmail.com,Rs 19.37 L
CAR0302,Mercedes,C-Class,2011,White,Electric,Manual,Hatchback,43268,Fourth & Above,24.02 lakh,09/05/2024,Dealer_B19,East,Dealer,Customer_8285,8182400110,customer296@gmail.com,WB,2402000.0,2024-05-09,+91-81824-00110,customer296@gmail.com,Rs 24.02 L
CAR0303,Ford,Figo,2021,White,Hybrid,Semi-Automatic,Hatchback,38699,First Owner,1429150,09-23-2023,Dealer_B8,South,Dealer,Customer_6149,9784755893,customer919outlook.com,DL,1429150.0,2023-09-23,+91-97847-55893,,Rs 14.29 L
CAR0305,Honda,City,2017,Green,Petrol,Automatic,SUV,142087,First Owner,0.23 crore,09-15-2024,Dealer_E16,East,Corporate,Customer_8819,83694861,customer490@gmail.com,MH,2300000.0,2024-09-15,83694861,customer490@gmail.com,Rs 23.00 L
CAR0306,Mercedes,C-Class,2021,Silver,Hybrid,Semi-Automatic,Coupe,121035,First Owner,1834090,06-30-2023,Dealer_C18,South,Individual,Customer_2826,8370985965,customer184@gmail.com,DL,1834090.0,2023-06-30,+91-83709-85965,customer184@gmail.com,Rs 18.34 L
CAR0307,Maruti,Alto,2014,White,Hybrid,Automatic,Coupe,136538,Third Owner,2761745,16-07-23,Dealer_A14,East,Corporate,Customer_5306,7622712398,customer323@outlook.com,KA,2761745.0,2023-07-16,+91-76227-12398,customer323@outlook.com,Rs 27.62 L
CAR0308,Tata,Safari,2010,Brown,Petrol,Automatic,Hatchback,58008,Fourth & Above,1949939,27/07/2024,Dealer_D10,North,Dealer,Customer_1753,9091826686,customer61gmail.com,KA,1949939.0,2024-07-27,+91-90918-26686,customer61@gmail.com,Rs 19.50 L
CAR0309,Honda,Accord,2022,Silver,CNG,Automatic,Coupe,113469,Third Owner,14.73 lakh,2023-10-26,Dealer_A17,North,Corporate,Customer_6263,9910565317,customer956@gmail.com,GJ,1473000.0,2023-10-26,+91-99105-65317,customer956@gmail.com,Rs 14.73 L
CAR0310,Toyota,Etios,2016,Blue,Electric,Manual,Coupe,13410,Third Owner,4429633,2024-07-25,Dealer_E10,North,Corporate,Customer_5536,76537168,customer664@hotmail.com,RJ,4429633.0,2024-07-25,76537168,customer664@hotmail.com,Rs 44.30 L
CAR0311,Toyota,Camry,2013,Black,Diesel,Manual,SUV,89511,Second Owner,3783190,08-11-2024,Dealer_C1,South,Dealer,Customer_1646,8406434479,customer207@hotmail.com,DL,3783190.0,2024-11-08,+91-84064-34479,customer207@hotmail.com,Rs 37.83 L
CAR0312,Honda,C-Class,2017,White,Hybrid,Automatic,Hatchback,59679,Fourth & Above,33.91 lakh,2024-08-15,Dealer_A14,East,Individual,Customer_9305,+91-89626-01437,customer390@outlook.com,DL,3390999.9999999995,2024-08-15,+91-89626-01437,customer390@outlook.com,Rs 33.91 L
CAR0313,Honda,A-Class,2010,Green,Diesel,Semi-Automatic,Coupe,77015,First Owner,2911793,04/03/2023,Dealer_A5,West,Individual,Customer_3975,7128763671,CUSTOMER931@HOTMAIL.COM,RJ,2911793.0,2023-03-04,+91-71287-63671,customer931@hotmail.com,Rs 29.12 L
CAR0314,Hyundai,Unknown Model,2011,Brown,CNG,Automatic,Wagon,8916,First Owner,31.25 lakh,03-07-24,Dealer_D10,Central,Individual,Customer_6989,9116567201,customer225@yahoo.com,TN,3125000.0,2024-07-03,+91-91165-67201,customer225@yahoo.com,Rs 31.25 L
CAR0315,Maruti,Baleno,2012,White,Petrol,Manual,Sedan,975012,Third Owner,2956712,19/01/2024,Dealer_C17,East,Dealer,Customer_4896,9078097843,customer995@outlook.com,KA,2956712.0,2024-01-19,+91-90780-97843,customer995@outlook.com,Rs 29.57 L
CAR0316,Ford,Unknown Model,2022,Brown,Petrol,Automatic,Convertible,132757,Second Owner,48.05 lakh,10/07/2024,Dealer_E2,Central,Dealer,Customer_2359,9194318630,customer18@yahoo.com,TN,4805000.0,2024-07-10,+91-91943-18630,customer18@yahoo.com,Rs 48.05 L
CAR0317,Hyundai,Verna,2012,Brown,Electric,Manual,SUV,31250,Second Owner,1589451,2023-10-13,Dealer_D6,West,Dealer,Customer_2226,96333186,customer774@outlook.com,TN,1589451.0,2023-10-13,96333186,customer774@outlook.com,Rs 15.89 L
CAR0318,Maruti,Baleno,2011,White,Hybrid,Automatic,SUV,64324,Fourth & Above,2517083,2023-12-02,Dealer_D10,South,Corporate,Customer_8444,08466203855,customer859hotmail.com,DL,2517083.0,2023-12-02,08466203855,,Rs 25.17 L
CAR0319,Honda,Amaze,2019,Silver,CNG,Automatic,Wagon,100040,First Owner,2224108,10-10-2023,Dealer_A19,North,Individual,Customer_8106,9095351182,customer532outlook.com,TN,2224108.0,2023-10-10,+91-90953-51182,,Rs 22.24 L
CAR0321,Honda,Accord,2024,Black,Diesel,Semi-Automatic,Hatchback,113041,First Owner,438023,02-18-2023,Dealer_E16,South,Dealer,Customer_6710,7381691393,customer857@yahoo.com,TN,438023.0,2023-02-18,+91-73816-91393,customer857@yahoo.com,Rs 4.38 L
CAR0322,Ford,Aspire,2015,Silver,Hybrid,Automatic,Hatchback,93342,Second Owner,3872273,05/07/2024,Dealer_A16,South,Corporate,Customer_6796,8262343544,customer231@outlook.com,TN,3872273.0,2024-07-05,+91-82623-43544,customer231@outlook.com,Rs 38.72 L
CAR0325,Honda,Accord,2019,Green,Diesel,Semi-Automatic,Sedan,71063,Second Owner,431332,11-21-2024,Dealer_D4,East,Individual,Customer_1867,7305000198,customer751@yahoo.com,DL,431332.0,2024-11-21,+91-73050-00198,customer751@yahoo.com,Rs 4.31 L
CAR0326,Mercedes,S-Class,2021,White,CNG,Automatic,Convertible,106567,First Owner,36.19 lakh,16-09-23,Dealer_A1,East,Dealer,,+91-96034-34915,customer571@gmail.com,UP,3619000.0,2023-09-16,+91-96034-34915,customer571@gmail.com,Rs 36.19 L
CAR0327,Toyota,Etios,2019,Grey,Diesel,Automatic,Hatchback,103261,Second Owner,782079,30/11/2024,Dealer_D18,West,Dealer,Customer_9807,8338592464,customer605@yahoo.com,DL,782079.0,2024-11-30,+91-83385-92464,customer605@yahoo.com,Rs 7.82 L
CAR0328,Honda,Accord,2013,Green,Hybrid,Automatic,Hatchback,100864,Fourth & Above,0.14 crore,2024-11-06,Dealer_D10,North,Corporate,Customer_5629,9690106712,customer25outlook.com,MH,1400000.0000000002,2024-11-06,+91-96901-06712,,Rs 14.00 L
CAR0329,Maruti,Swift,2014,Black,Diesel,Manual,SUV,147288,Third Owner,1654238,2024-07-04,Dealer_C6,West,Individual,Customer_4042,7874490698,customer47@outlook.com,GJ,1654238.0,2024-07-04,+91-78744-90698,customer47@outlook.com,Rs 16.54 L
CAR0330,Mercedes,C-Class,2012,Silver,Diesel,Semi-Automatic,Hatchback,42137,First Owner,0.23 crore,10-31-2024,Dealer_B9,West,Dealer,Customer_1684,+91-79576-68578,customer118@gmail.com,UP,2300000.0,2024-10-31,+91-79576-68578,customer118@gmail.com,Rs 23.00 L
CAR0331,Ford,Mustang,2014,Black,Petrol,Automatic,SUV,703457,Second Owner,1201605,06-02-23,Dealer_A13,West,Individual,Customer_1672,79037957,customer15@yahoo.com,UP,1201605.0,2023-02-06,79037957,customer15@yahoo.com,Rs 12.02 L
CAR0332,Honda,Civic,2012,Silver,Hybrid,Semi-Automatic,Coupe,55944,First Owner,30.18 lakh,05-27-2023,Dealer_E13,East,Corporate,,7014692864,CUSTOMER123@YAHOO.COM,RJ,3018000.0,2023-05-27,+91-70146-92864,customer123@yahoo.com,Rs 30.18 L
CAR0333,Tata,Harrier,2020,Grey,Petrol,Manual,Hatchback,133597,Third Owner,2297506,21/10/2023,Dealer_C13,South,Corporate,Customer_9871,9690796616,customer428@outlook.com,TN,2297506.0,2023-10-21,+91-96907-96616,customer428@outlook.com,Rs 22.98 L
CAR0334,Maruti,Alto,2021,Brown,Hybrid,Automatic,Hatchback,55060,Second Owner,4967972,11/11/2023,Dealer_D8,South,Dealer,Customer_7296,7102372246,customer280@yahoo.com,GJ,4967972.0,2023-11-11,+91-71023-72246,customer280@yahoo.com,Rs 49.68 L
CAR0335,Honda,Camry,2022,Grey,Electric,Automatic,Wagon,22133,Second Owner,0.09 crore,04/06/2023,Dealer_B15,North,Individual,Customer_3618,9286233333,customer644@outlook.com,KA,900000.0,2023-06-04,+91-92862-33333,customer644@outlook.com,Rs 9.00 L
CAR0337,Ford,Aspire,2024,Blue,CNG,Semi-Automatic,Convertible,44186,First Owner,1130899,2024-05-21,Dealer_A19,North,Dealer,Customer_6219,8316992127,customer280@outlook.com,RJ,1130899.0,2024-05-21,+91-83169-92127,customer280@outlook.com,Rs 11.31 L
CAR0338,Maruti,Dzire,2016,Brown,CNG,Semi-Automatic,Sedan,106815,First Owner,501848,17/12/2023,Dealer_A11,Central,Individual,,7552014218,customer383@gmail.com,KA,501848.0,2023-12-17,+91-75520-14218,customer383@gmail.com,Rs 5.02 L
CAR0339,Honda,Safari,2022,Blue,Hybrid,Semi-Automatic,Wagon,32743,Second Owner,12.23 lakh,27/08/2023,Dealer_A7,South,Dealer,Customer_4048,7263136948,customer998@yahoo.com,TN,1223000.0,2023-08-27,+91-72631-36948,customer998@yahoo.com,Rs 12.23 L
CAR0340,Hyundai,Venue,2020,Silver,Petrol,Manual,Wagon,82783,First Owner,36.58 lakh,2023-06-15,Dealer_C15,East,Corporate,,+91-98969-60280,customer603@hotmail.com,WB,3658000.0,2023-06-15,+91-98969-60280,customer603@hotmail.com,Rs 36.58 L
CAR0341,BMW,X5,2014,Brown,Electric,Automatic,Coupe,133211,Second Owner,2829616,04-17-2024,Dealer_D5,East,Dealer,Customer_3284,76415990,customer811@yahoo.com,TN,2829616.0,2024-04-17,76415990,customer811@yahoo.com,Rs 28.30 L
CAR0343,Tata,Altroz,2014,Grey,CNG,Automatic,SUV,42087,Fourth & Above,2172601,01-12-24,Dealer_C19,South,Corporate,Customer_1290,8401020981,customer650@outlook.com,TN,2172601.0,2024-12-01,+91-84010-20981,customer650@outlook.com,Rs 21.73 L
CAR0344,Maruti,Dzire,2019,Green,Diesel,Automatic,Sedan,128142,First Owner,362716,2023-09-30,Dealer_B17,Central,Dealer,Customer_6361,8171484810,customer905@yahoo.com,TN,362716.0,2023-09-30,+91-81714-84810,customer905@yahoo.com,Rs 3.63 L
CAR0347,Tata,Nexon,2010,Brown,Petrol,Manual,SUV,62409,Third Owner,21.52 lakh,24-10-23,Dealer_E9,East,Individual,Customer_6724,07705144205,customer643@hotmail.com,GJ,2152000.0,2023-10-24,07705144205,customer643@hotmail.com,Rs 21.52 L
CAR0348,Honda,Aspire,2011,Red,Diesel,Automatic,Wagon,79811,Second Owner,39.89 lakh,20/04/2023,Dealer_D11,West,Dealer,Customer_4765,+91-91951-55142,customer13@yahoo.com,KA,3989000.0,2023-04-20,+91-91951-55142,customer13@yahoo.com,Rs 39.89 L
CAR0351,Honda,Amaze,2015,Grey,Electric,Automatic,Convertible,124605,Second Owner,4163409,17-08-24,Dealer_B7,West,Individual,Customer_3255,09315897012,customer519@yahoo.com,RJ,4163409.0,2024-08-17,09315897012,customer519@yahoo.com,Rs 41.63 L
CAR0352,Honda,Unknown Model,2018,Grey,Hybrid,Manual,Coupe,16004,Third Owner,4558459,11-30-2023,Dealer_C7,Central,Corporate,Customer_3551,7002560298,customer508@yahoo.com,DL,4558459.0,2023-11-30,+91-70025-60298,customer508@yahoo.com,Rs 45.58 L
CAR0353,Maruti,Swift,2010,Blue,CNG,Semi-Automatic,Convertible,13152,First Owner,26.81 lakh,02-01-24,Dealer_E12,West,Individual,Customer_1686,+91-85096-67949,customer718@outlook.com,RJ,2681000.0,2024-01-02,+91-85096-67949,customer718@outlook.com,Rs 26.81 L
CAR0354,Toyota,Unknown Model,2022,Brown,Electric,Manual,Coupe,27761,Fourth & Above,41.84 lakh,05-09-23,Dealer_C6,North,Dealer,Customer_1462,8989342849,customer549@gmail.com,GJ,4184000.0000000005,2023-09-05,+91-89893-42849,customer549@gmail.com,Rs 41.84 L
CAR0356,Mercedes,C-Class,2011,White,CNG,Semi-Automatic,Sedan,27870,Third Owner,2404321,2023-06-15,Dealer_C5,East,Individual,Customer_1651,+91-86780-85636,customer62gmail.com,WB,2404321.0,2023-06-15,+91-86780-85636,customer62@gmail.com,Rs 24.04 L
CAR0357,Maruti,Unknown Model,2020,White,Hybrid,Automatic,SUV,129455,Second Owner,0.42 crore,06/06/2024,Dealer_D20,Central,Dealer,Customer_4692,07184292347,customer688@hotmail.com,KA,4200000.0,2024-06-06,07184292347,customer688@hotmail.com,Rs 42.00 L
CAR0359,Ford,Endeavour,2019,Grey,Hybrid,Semi-Automatic,Wagon,139615,Fourth & Above,21.11 lakh,02-26-2024,Dealer_D12,South,Dealer,Customer_6922,8987240267,customer898@hotmail.com,WB,2111000.0,2024-02-26,+91-89872-40267,customer898@hotmail.com,Rs 21.11 L
CAR0360,Ford,Mustang,2017,Red,Hybrid,Automatic,Convertible,145878,First Owner,3063866,18-09-23,Dealer_E9,South,Individual,Customer_2770,+91-77778-38906,customer779gmail.com,RJ,3063866.0,2023-09-18,+91-77778-38906,customer779@gmail.com,Rs 30.64 L
CAR0361,Maruti,Swift,2024,Silver,Diesel,Automatic,Hatchback,20697,Second Owner,2.83 lakh,29/12/2023,Dealer_A1,South,Corporate,Customer_3627,8158477893,customer417@yahoo.com,UP,283000.0,2023-12-29,+91-81584-77893,customer417@yahoo.com,Rs 2.83 L
CAR0363,Toyota,Unknown Model,2013,Green,CNG,Semi-Automatic,Convertible,21959,First Owner,39.94 lakh,02-04-23,Dealer_C15,South,Dealer,Customer_4206,+91-79817-44437,customer938yahoo.com,KA,3994000.0,2023-04-02,+91-79817-44437,,Rs 39.94 L
CAR0365,Hyundai,Creta,2013,Red,Electric,Semi-Automatic,Hatchback,101256,First Owner,25.43 lakh,22/01/2024,Dealer_C4,Central,Dealer,Customer_9514,8740314810,CUSTOMER516@OUTLOOK.COM,RJ,2543000.0,2024-01-22,+91-87403-14810,customer516@outlook.com,Rs 25.43 L
CAR0366,Mercedes,GLC,2015,White,CNG,Automatic,Hatchback,619050,First Owner,28.39 lakh,06-11-23,Dealer_E18,West,Individual,Customer_3136,9748877306,customer477@outlook.com,WB,2839000.0,2023-11-06,+91-97488-77306,customer477@outlook.com,Rs 28.39 L
CAR0367,Honda,Accord,2015,Silver,Hybrid,Automatic,Wagon,55719,Third Owner,2803335,05/06/2024,Dealer_D9,South,Individual,Customer_3020,+91-92074-91396,customer799@gmail.com,TN,2803335.0,2024-06-05,+91-92074-91396,customer799@gmail.com,Rs 28.03 L
CAR0369,BMW,7 Series,2012,Silver,Diesel,Manual,Sedan,141327,First Owner,2540124,2024-02-19,Dealer_D13,West,Individual,Customer_3510,8772296886,customer84@yahoo.com,RJ,2540124.0,2024-02-19,+91-87722-96886,customer84@yahoo.com,Rs 25.40 L
CAR0370,Tata,Nexon,2015,Brown,Electric,Manual,Wagon,102092,Fourth & Above,1191754,21/10/2023,Dealer_C19,North,Individual,Customer_9853,09995239329,customer182@gmail.com,KA,1191754.0,2023-10-21,09995239329,customer182@gmail.com,Rs 11.92 L
CAR0371,Ford,Endeavour,2011,Brown,Petrol,Manual,Hatchback,15208,Fourth & Above,8.91 lakh,2024-05-17,Dealer_C13,West,Individual,Customer_3578,9604827192,customer347@yahoo.com,UP,891000.0,2024-05-17,+91-96048-27192,customer347@yahoo.com,Rs 8.91 L
CAR0373,BMW,X5,2020,Blue,Electric,Semi-Automatic,Convertible,87519,Third Owner,49.53 lakh,09/12/2023,Dealer_E20,Central,Individual,Customer_1151,8602125437,customer993@yahoo.com,RJ,4953000.0,2023-12-09,+91-86021-25437,customer993@yahoo.com,Rs 49.53 L
CAR0375,Toyota,Innova,2019,Grey,Unknown,Manual,SUV,60945,First Owner,46.80 lakh,02/11/2024,Dealer_A1,South,Individual,Customer_3769,8831586205,customer955@hotmail.com,UP,4680000.0,2024-11-02,+91-88315-86205,customer955@hotmail.com,Rs 46.80 L
CAR0376,Hyundai,i20,2022,Silver,Petrol,Manual,SUV,123303,Third Owner,3031405,2023-12-31,Dealer_E16,Central,Corporate,Customer_6604,9055959418,customer349@outlook.com,DL,3031405.0,2023-12-31,+91-90559-59418,customer349@outlook.com,Rs 30.31 L
CAR0377,Maruti,Dzire,2018,Grey,Electric,Semi-Automatic,Coupe,125023,Second Owner,3448703,11-11-2024,Dealer_C2,North,Individual,Customer_3224,+91-84633-09671,customer831@gmail.com,UP,3448703.0,2024-11-11,+91-84633-09671,customer831@gmail.com,Rs 34.49 L
CAR0378,Hyundai,Verna,2023,Silver,Hybrid,Manual,Wagon,104504,Third Owner,1483765,01-27-2023,Dealer_C4,West,Individual,Customer_6468,9500651061,customer862@gmail.com,UP,1483765.0,2023-01-27,+91-95006-51061,customer862@gmail.com,Rs 14.84 L
CAR0381,Mercedes,S-Class,2013,Black,Hybrid,Manual,Wagon,71305,Fourth & Above,1275344,2023-02-17,Dealer_B7,West,Dealer,Customer_2752,9782981373,customer421@outlook.com,TN,1275344.0,2023-02-17,+91-97829-81373,customer421@outlook.com,Rs 12.75 L
CAR0382,Honda,Unknown Model,2017,Green,Unknown,Semi-Automatic,Coupe,76800,Second Owner,38.70 lakh,28-07-23,Dealer_B18,Central,Corporate,Customer_5967,8183759864,customer492@yahoo.com,KA,3870000.0000000005,2023-07-28,+91-81837-59864,customer492@yahoo.com,Rs 38.70 L
CAR0383,Honda,Unknown Model,2021,Blue,Hybrid,Semi-Automatic,Wagon,102211,Second Owner,4579090,20/04/2023,Dealer_C14,East,Corporate,,7084052697,customer582hotmail.com,UP,4579090.0,2023-04-20,+91-70840-52697,,Rs 45.79 L
CAR0384,Maruti,Dzire,2020,Black,Diesel,Manual,Hatchback,98555,Third Owner,1006060,19/05/2024,Dealer_E15,South,Individual,Customer_2189,7582918332,customer38hotmail.com,GJ,1006060.0,2024-05-19,+91-75829-18332,,Rs 10.06 L
CAR0385,Maruti,Vitara Brezza,2011,White,Petrol,Semi-Automatic,Sedan,29513,Second Owner,2299808,07-01-23,Dealer_B7,South,Individual,Customer_6717,+91-77056-38884,customer100@gmail.com,KA,2299808.0,2023-01-07,+91-77056-38884,customer100@gmail.com,Rs 23.00 L
CAR0386,Ford,Unknown Model,2010,Silver,Diesel,Semi-Automatic,Coupe,122825,Second Owner,2092681,18/03/2024,Dealer_B20,West,Dealer,Customer_2389,7465745076,customer731@hotmail.com,GJ,2092681.0,2024-03-18,+91-74657-45076,customer731@hotmail.com,Rs 20.93 L
CAR0387,Ford,Mustang,2013,White,Diesel,Manual,Sedan,10250,Second Owner,1846429,2023-08-24,Dealer_D16,South,Individual,Customer_1831,80372119,customer538@gmail.com,TN,1846429.0,2023-08-24,80372119,customer538@gmail.com,Rs 18.46 L
CAR0391,Toyota,Fortuner,2022,Silver,Diesel,Semi-Automatic,Wagon,17317,Second Owner,1226853,22/09/2023,Dealer_B12,Central,Dealer,Customer_4968,9658905528,customer661@hotmail.com,TN,1226853.0,2023-09-22,+91-96589-05528,customer661@hotmail.com,Rs 12.27 L
CAR0392,Honda,Unknown Model,2022,Grey,Diesel,Semi-Automatic,Wagon,71020,Fourth & Above,889277,13/02/2023,Dealer_E17,South,Dealer,Customer_7181,9203232954,customer941@gmail.com,GJ,889277.0,2023-02-13,+91-92032-32954,customer941@gmail.com,Rs 8.89 L
CAR0394,Toyota,Camry,2011,Red,Electric,Semi-Automatic,Convertible,555965,Second Owner,4366339,09/07/2023,Dealer_C5,North,Individual,Customer_7181,8218263946,customer930@outlook.com,UP,4366339.0,2023-07-09,+91-82182-63946,customer930@outlook.com,Rs 43.66 L
CAR0395,Honda,City,2023,White,Hybrid,Manual,Wagon,142877,First Owner,26.06 lakh,22/02/2024,Dealer_A11,South,Dealer,,8095849435,customer302@yahoo.com,RJ,2606000.0,2024-02-22,+91-80958-49435,customer302@yahoo.com,Rs 26.06 L
CAR0396,Mercedes,A-Class,2022,Black,Petrol,Manual,Convertible,17152,Fourth & Above,4556533,26/02/2023,Dealer_B20,South,Corporate,Customer_2637,8462579828,customer188@outlook.com,UP,4556533.0,2023-02-26,+91-84625-79828,customer188@outlook.com,Rs 45.57 L
CAR0397,Ford,Unknown Model,2011,Green,Petrol,Automatic,Convertible,68465,Second Owner,2750188,17/07/2024,Dealer_E20,West,Corporate,Customer_1778,7278485353,customer17@outlook.com,RJ,2750188.0,2024-07-17,+91-72784-85353,customer17@outlook.com,Rs 27.50 L
CAR0398,Ford,Mustang,2020,Black,Hybrid,Manual,Wagon,124590,Fourth & Above,9.52 lakh,2024-08-01,Dealer_A15,West,Individual,Customer_2775,8264574320,customer578@gmail.com,WB,952000.0,2024-08-01,+91-82645-74320,customer578@gmail.com,Rs 9.52 L
CAR0399,Hyundai,Creta,2014,White,Electric,Manual,Hatchback,64797,Third Owner,4562023,2024-07-28,Dealer_D3,South,Individual,Customer_8113,7632401177,customer151@outlook.com,WB,4562023.0,2024-07-28,+91-76324-01177,customer151@outlook.com,Rs 45.62 L
CAR0400,Mercedes,C-Class,2020,Silver,Petrol,Manual,Wagon,43198,Second Owner,1796239,02/06/2023,Dealer_B20,East,Individual,Customer_1106,+91-86719-71874,customer57@gmail.com,MH,1796239.0,2023-06-02,+91-86719-71874,customer57@gmail.com,Rs 17.96 L
CAR0403,Hyundai,Venue,2017,Red,Petrol,Automatic,SUV,148160,Second Owner,30.94 lakh,06-22-2023,Dealer_A16,Central,Corporate,Customer_8401,9020344143,customer759@outlook.com,KA,3094000.0,2023-06-22,+91-90203-44143,customer759@outlook.com,Rs 30.94 L
CAR0404,Honda,Civic,2014,Black,CNG,Semi-Automatic,Coupe,141164,Fourth & Above,3722105,26/08/2023,Dealer_E5,North,Dealer,Customer_1375,9734391601,customer465@outlook.com,MH,3722105.0,2023-08-26,+91-97343-91601,customer465@outlook.com,Rs 37.22 L
CAR0405,Mercedes,S-Class,2012,Grey,Petrol,Manual,SUV,27112,First Owner,1633950,10-12-23,Dealer_A11,North,Corporate,Customer_6363,7169371254,customer241@outlook.com,TN,1633950.0,2023-12-10,+91-71693-71254,customer241@outlook.com,Rs 16.34 L
CAR0406,Mercedes,S-Class,2021,Blue,Petrol,Automatic,Convertible,70738,Fourth & Above,4456054,10-18-2023,Dealer_D13,Central,Individual,Customer_9912,9820619867,customer390@gmail.com,RJ,4456054.0,2023-10-18,+91-98206-19867,customer390@gmail.com,Rs 44.56 L
CAR0407,Tata,Harrier,2023,Grey,CNG,Automatic,Coupe,38944,Second Owner,2885329,01-01-23,Dealer_D19,West,Individual,Customer_6437,7536121369,customer765@hotmail.com,KA,2885329.0,2023-01-01,+91-75361-21369,customer765@hotmail.com,Rs 28.85 L
CAR0408,BMW,7 Series,2014,Black,CNG,Semi-Automatic,Coupe,53677,First Owner,2268838,2023-07-19,Dealer_C12,North,Corporate,Customer_6625,9530269341,customer623hotmail.com,WB,2268838.0,2023-07-19,+91-95302-69341,,Rs 22.69 L
CAR0409,Ford,Aspire,2023,Silver,Petrol,Automatic,SUV,90033,Second Owner,331134,2023-05-03,Dealer_D16,Central,Individual,Customer_1617,7378847276,customer336yahoo.com,TN,331134.0,2023-05-03,+91-73788-47276,,Rs 3.31 L
CAR0410,Honda,A-Class,2023,Silver,Petrol,Semi-Automatic,Coupe,88183,Fourth & Above,584132,2023-03-31,Dealer_D2,East,Corporate,,+91-85504-25631,customer865@hotmail.com,RJ,584132.0,2023-03-31,+91-85504-25631,customer865@hotmail.com,Rs 5.84 L
CAR0411,Tata,Altroz,2017,Silver,Hybrid,Automatic,SUV,78279,Second Owner,2705259,14-12-23,Dealer_A8,South,Corporate,Customer_2359,75846535,customer41@gmail.com,DL,2705259.0,2023-12-14,75846535,customer41@gmail.com,Rs 27.05 L
CAR0412,BMW,X1,2011,Blue,Diesel,Automatic,SUV,59616,First Owner,246722,19-10-23,Dealer_E4,South,Individual,,8573221189,customer942@hotmail.com,DL,246722.0,2023-10-19,+91-85732-21189,customer942@hotmail.com,Rs 2.47 L
CAR0414,Honda,CR-V,2010,Black,Hybrid,Manual,Hatchback,149015,Second Owner,1723811,11/08/2023,Dealer_B19,Central,Individual,Customer_2651,+91-95133-14947,customer311@yahoo.com,GJ,1723811.0,2023-08-11,+91-95133-14947,customer311@yahoo.com,Rs 17.24 L
CAR0415,Ford,Endeavour,2016,Black,Electric,Manual,Coupe,37022,Fourth & Above,43.03 lakh,08-07-2024,Dealer_A7,West,Corporate,,94526119,customer57@hotmail.com,GJ,4303000.0,2024-07-08,94526119,customer57@hotmail.com,Rs 43.03 L
CAR0416,Hyundai,Unknown Model,2018,Red,Electric,Semi-Automatic,Coupe,141038,Third Owner,2238659,2023-06-27,Dealer_A19,Central,Dealer,Customer_7098,92977627,customer858@gmail.com,DL,2238659.0,2023-06-27,92977627,customer858@gmail.com,Rs 22.39 L
CAR0417,Tata,Nexon,2015,White,Hybrid,Manual,Wagon,47730,Second Owner,0.20 crore,08-23-2024,Dealer_D14,West,Corporate,Customer_8702,09614334582,customer155yahoo.com,KA,2000000.0,2024-08-23,09614334582,,Rs 20.00 L
CAR0418,Toyota,Camry,2019,Red,Petrol,Automatic,Wagon,28392,First Owner,1172524,18-12-23,Dealer_D17,South,Dealer,Customer_3930,+91-92376-46664,customer783@hotmail.com,MH,1172524.0,2023-12-18,+91-92376-46664,customer783@hotmail.com,Rs 11.73 L
CAR0419,BMW,5 Series,2012,Brown,Diesel,Manual,SUV,80160,First Owner,3350567,2023-03-09,Dealer_A5,West,Individual,Customer_8433,8541962282,CUSTOMER781@YAHOO.COM,RJ,3350567.0,2023-03-09,+91-85419-62282,customer781@yahoo.com,Rs 33.51 L
CAR0421,Ford,Mustang,2011,Silver,Hybrid,Semi-Automatic,Convertible,102226,Fourth & Above,3914578,19/04/2023,Dealer_A4,East,Corporate,Customer_7759,07386464110,customer14@gmail.com,MH,3914578.0,2023-04-19,07386464110,customer14@gmail.com,Rs 39.15 L
CAR0423,Hyundai,i20,2015,Silver,Petrol,Semi-Automatic,Hatchback,21796,Third Owner,4600797,2024-03-11,Dealer_B3,East,Individual,,9813646793,customer566@gmail.com,MH,4600797.0,2024-03-11,+91-98136-46793,customer566@gmail.com,Rs 46.01 L
CAR0424,Ford,Mustang,2019,Green,Electric,Automatic,Sedan,136553,Third Owner,5.18 lakh,2024-10-25,Dealer_E15,North,Individual,Customer_2631,9083151010,customer179@hotmail.com,UP,518000.0,2024-10-25,+91-90831-51010,customer179@hotmail.com,Rs 5.18 L
CAR0425,Hyundai,Unknown Model,2023,Brown,Hybrid,Manual,Convertible,41586,Third Owner,420678,2023-06-12,Dealer_A3,Central,Dealer,Customer_9404,8926637545,customer456@gmail.com,UP,420678.0,2023-06-12,+91-89266-37545,customer456@gmail.com,Rs 4.21 L
CAR0427,Toyota,Innova,2017,Silver,CNG,Automatic,Sedan,88938,First Owner,4170120,2023-04-04,Dealer_E14,North,Dealer,Customer_8591,9878814191,customer274@gmail.com,RJ,4170120.0,2023-04-04,+91-98788-14191,customer274@gmail.com,Rs 41.70 L
CAR0428,Toyota,Innova,2024,Brown,Electric,Semi-Automatic,Hatchback,149663,Second Owner,22.81 lakh,16-04-24,Dealer_E8,West,Dealer,Customer_5338,91977374,customer12@yahoo.com,KA,2281000.0,2024-04-16,91977374,customer12@yahoo.com,Rs 22.81 L
CAR0430,Honda,Civic,2023,Brown,Petrol,Semi-Automatic,Convertible,34608,Third Owner,2282766,07-08-23,Dealer_D13,North,Dealer,Customer_1359,8297458812,customer440@hotmail.com,WB,2282766.0,2023-08-07,+91-82974-58812,customer440@hotmail.com,Rs 22.83 L
CAR0432,Mercedes,S-Class,2023,Black,Hybrid,Manual,Sedan,32416,Third Owner,2099802,18-08-24,Dealer_C4,North,Dealer,,7533077683,customer60@outlook.com,DL,2099802.0,2024-08-18,+91-75330-77683,customer60@outlook.com,Rs 21.00 L
CAR0433,Mercedes,C-Class,2013,Silver,CNG,Semi-Automatic,Hatchback,843966,Third Owner,0.49 crore,2024-09-05,Dealer_D15,East,Corporate,Customer_7165,9391233218,CUSTOMER335@OUTLOOK.COM,MH,4900000.0,2024-09-05,+91-93912-33218,customer335@outlook.com,Rs 49.00 L
CAR0434,Tata,Safari,2022,Silver,Petrol,Semi-Automatic,Coupe,88606,Fourth & Above,2051639,26/01/2024,Dealer_D10,West,Individual,,9900252040,customer156@hotmail.com,GJ,2051639.0,2024-01-26,+91-99002-52040,customer156@hotmail.com,Rs 20.52 L
CAR0436,Toyota,Camry,2017,Grey,Diesel,Manual,Wagon,140337,Fourth & Above,3522567,01-14-2023,Dealer_B12,East,Corporate,Customer_1876,9056094496,customer748@outlook.com,KA,3522567.0,2023-01-14,+91-90560-94496,customer748@outlook.com,Rs 35.23 L
CAR0437,Ford,Figo,2011,Brown,Diesel,Manual,Hatchback,65964,Second Owner,44.23 lakh,10-30-2024,Dealer_B16,South,Individual,Customer_8331,9109917504,customer87@outlook.com,TN,4423000.0,2024-10-30,+91-91099-17504,customer87@outlook.com,Rs 44.23 L
CAR0438,Mercedes,Unknown Model,2023,Black,Diesel,Manual,Hatchback,24077,First Owner,4182347,09-19-2023,Dealer_B9,East,Dealer,,9724594931,customer406@outlook.com,GJ,4182347.0,2023-09-19,+91-97245-94931,customer406@outlook.com,Rs 41.82 L
CAR0439,Ford,Endeavour,2016,Black,CNG,Manual,Hatchback,19021,First Owner,46.61 lakh,2024-07-19,Dealer_D19,South,Dealer,Customer_9396,9671894479,customer527@yahoo.com,DL,4661000.0,2024-07-19,+91-96718-94479,customer527@yahoo.com,Rs 46.61 L
CAR0441,Honda,Unknown Model,2012,Red,Diesel,Automatic,Hatchback,65298,Second Owner,1674122,08-10-24,Dealer_D19,East,Corporate,Customer_5740,7365297204,customer283@outlook.com,DL,1674122.0,2024-10-08,+91-73652-97204,customer283@outlook.com,Rs 16.74 L
CAR0442,Toyota,Camry,2013,Brown,Electric,Manual,Coupe,9430,Third Owner,40.34 lakh,03-18-2023,Dealer_A17,Central,Individual,Customer_7077,79654890,customer458hotmail.com,GJ,4034000.0000000005,2023-03-18,79654890,,Rs 40.34 L
CAR0443,Maruti,Dzire,2016,Green,Petrol,Semi-Automatic,Sedan,148716,Second Owner,1897032,24/06/2024,Dealer_B14,East,Dealer,Customer_2190,7775714425,customer919outlook.com,KA,1897032.0,2024-06-24,+91-77757-14425,,Rs 18.97 L
CAR0444,Mercedes,C-Class,2014,Green,Petrol,Automatic,Convertible,25620,Second Owner,4841383,06-06-2024,Dealer_D11,Central,Corporate,Customer_2222,+91-93683-55864,customer95@outlook.com,DL,4841383.0,2024-06-06,+91-93683-55864,customer95@outlook.com,Rs 48.41 L
CAR0445,Tata,Nexon,2022,Red,Unknown,Semi-Automatic,Convertible,74293,Second Owner,32.74 lakh,01/06/2024,Dealer_E11,East,Individual,Customer_2038,8469613841,customer217@yahoo.com,MH,3274000.0,2024-06-01,+91-84696-13841,customer217@yahoo.com,Rs 32.74 L
CAR0446,Honda,CR-V,2018,Blue,Hybrid,Manual,Coupe,140452,Fourth & Above,17.33 lakh,07-09-2024,Dealer_A19,South,Individual,Customer_1016,7469041791,CUSTOMER438@GMAIL.COM,MH,1732999.9999999998,2024-09-07,+91-74690-41791,customer438@gmail.com,Rs 17.33 L
CAR0447,Toyota,Unknown Model,2011,Silver,Hybrid,Semi-Automatic,Sedan,117771,Third Owner,28.33 lakh,12-02-2023,Dealer_B3,North,Dealer,Customer_6646,7496356842,customer813@yahoo.com,GJ,2833000.0,2023-02-12,+91-74963-56842,customer813@yahoo.com,Rs 28.33 L
CAR0449,Ford,Mustang,2016,Black,CNG,Manual,Convertible,15202,First Owner,3800951,07-01-2023,Dealer_C11,North,Individual,Customer_8279,8928378637,customer407@yahoo.com,WB,3800951.0,2023-01-07,+91-89283-78637,customer407@yahoo.com,Rs 38.01 L
CAR0450,Honda,Unknown Model,2020,Red,Petrol,Manual,Sedan,31664,Fourth & Above,0.22 crore,30-10-23,Dealer_A6,West,Corporate,Customer_5391,7002791858,customer923@hotmail.com,MH,2200000.0,2023-10-30,+91-70027-91858,customer923@hotmail.com,Rs 22.00 L
CAR0451,Honda,Accord,2011,Silver,Electric,Manual,Wagon,93410,Third Owner,20.00 lakh,09-24-2024,Dealer_E7,East,Corporate,Customer_1811,8572634373,customer850gmail.com,MH,2000000.0,2024-09-24,+91-85726-34373,customer850@gmail.com,Rs 20.00 L
CAR0452,Maruti,Vitara Brezza,2011,Silver,CNG,Manual,Coupe,5787,First Owner,2527286,07-09-2024,Dealer_E14,Central,Individual,Customer_4991,71962997,customer61@outlook.com,DL,2527286.0,2024-09-07,71962997,customer61@outlook.com,Rs 25.27 L
CAR0453,Mercedes,A-Class,2017,Black,Petrol,Automatic,Sedan,73883,Third Owner,569843,08-06-2024,Dealer_D18,East,Individual,Customer_6475,+91-70474-77405,customer218@outlook.com,MH,569843.0,2024-06-08,+91-70474-77405,customer218@outlook.com,Rs 5.70 L
CAR0454,Hyundai,Elantra,2021,Red,Hybrid,Automatic,Convertible,44177,Fourth & Above,0.20 crore,20-10-24,Dealer_E18,West,Dealer,Customer_2911,75844637,customer918@hotmail.com,KA,2000000.0,2024-10-20,75844637,customer918@hotmail.com,Rs 20.00 L
CAR0455,Honda,Unknown Model,2019,Red,Electric,Manual,Convertible,116017,Second Owner,2814602,25-05-23,Dealer_A17,Central,Dealer,Customer_2488,+91-93653-70642,customer194@outlook.com,MH,2814602.0,2023-05-25,+91-93653-70642,customer194@outlook.com,Rs 28.15 L
CAR0456,BMW,7 Series,2011,Grey,Hybrid,Automatic,Wagon,118700,Third Owner,10.93 lakh,19-04-24,Dealer_A17,South,Individual,,8612492674,customer492@yahoo.com,WB,1093000.0,2024-04-19,+91-86124-92674,customer492@yahoo.com,Rs 10.93 L
CAR0457,Hyundai,i20,2010,White,Diesel,Semi-Automatic,Wagon,51565,First Owner,48.24 lakh,04-01-2023,Dealer_B8,South,Individual,Customer_6896,+91-98910-55285,customer643@gmail.com,WB,4824000.0,2023-01-04,+91-98910-55285,customer643@gmail.com,Rs 48.24 L
CAR0459,Toyota,Fortuner,2021,White,Petrol,Semi-Automatic,SUV,65505,First Owner,3890738,2024-12-01,Dealer_A14,West,Individual,,8064900549,customer69@outlook.com,MH,3890738.0,2024-12-01,+91-80649-00549,customer69@outlook.com,Rs 38.91 L
CAR0460,BMW,X5,2018,Brown,Unknown,Automatic,Sedan,101619,Third Owner,0.37 crore,28-03-23,Dealer_A10,South,Dealer,Customer_6016,8790280957,customer172@outlook.com,TN,3700000.0,2023-03-28,+91-87902-80957,customer172@outlook.com,Rs 37.00 L
CAR0461,Mercedes,E-Class,2024,Red,CNG,Semi-Automatic,SUV,95052,Fourth & Above,4854043,2024-05-19,Dealer_B9,South,Individual,Customer_5319,7575430705,customer472@yahoo.com,TN,4854043.0,2024-05-19,+91-75754-30705,customer472@yahoo.com,Rs 48.54 L
CAR0462,Honda,Unknown Model,2021,Brown,CNG,Semi-Automatic,SUV,100903,Second Owner,4637590,07-31-2024,Dealer_A6,East,Dealer,Customer_4930,8163311266,customer515@outlook.com,GJ,4637590.0,2024-07-31,+91-81633-11266,customer515@outlook.com,Rs 46.38 L
CAR0463,Toyota,Etios,2021,Brown,Diesel,Automatic,SUV,7076,Second Owner,2985356,11-27-2023,Dealer_D4,East,Dealer,Customer_2944,+91-82279-96564,customer684@hotmail.com,UP,2985356.0,2023-11-27,+91-82279-96564,customer684@hotmail.com,Rs 29.85 L
CAR0464,Maruti,Swift ,2017,Blue,Hybrid,Semi-Automatic,Coupe,113173,Fourth & Above,2045583,06-27-2024,Dealer_B6,North,Corporate,Customer_6943,7756851379,customer266@hotmail.com,RJ,2045583.0,2024-06-27,+91-77568-51379,customer266@hotmail.com,Rs 20.46 L
CAR0465,BMW,5 Series,2013,Blue,Electric,Automatic,Sedan,121577,Second Owner,4082240,2023-03-05,Dealer_E10,South,Corporate,,7652762294,customer68@hotmail.com,DL,4082240.0,2023-03-05,+91-76527-62294,customer68@hotmail.com,Rs 40.82 L
CAR0466,Maruti,Dzire,2018,Grey,Diesel,Automatic,Hatchback,27765,Second Owner,43.47 lakh,14-06-24,Dealer_D8,East,Individual,Customer_7119,9831559757,customer155@outlook.com,KA,4347000.0,2024-06-14,+91-98315-59757,customer155@outlook.com,Rs 43.47 L
CAR0467,Maruti,Unknown Model,2016,White,Petrol,Manual,Coupe,27834,Third Owner,4455338,2024-05-24,Dealer_B11,West,Dealer,Customer_4641,7785485111,customer813@outlook.com,KA,4455338.0,2024-05-24,+91-77854-85111,customer813@outlook.com,Rs 44.55 L
CAR0468,Hyundai,Creta,2013,White,Diesel,Manual,Hatchback,45046,First Owner,1388115,17/11/2024,Dealer_D16,East,Individual,Customer_6530,8040426474,customer886yahoo.com,TN,1388115.0,2024-11-17,+91-80404-26474,,Rs 13.88 L
CAR0469,Toyota,Innova,2020,Blue,Diesel,Semi-Automatic,Convertible,87642,Third Owner,0.21 crore,30/01/2024,Dealer_C11,West,Dealer,,83676053,customer179@gmail.com,MH,2100000.0,2024-01-30,83676053,customer179@gmail.com,Rs 21.00 L
CAR0470,Honda,Amaze,2021,White,Electric,Manual,Coupe,103559,Second Owner,1974358,22-06-23,Dealer_D16,South,Individual,Customer_4306,9664186241,customer416@gmail.com,KA,1974358.0,2023-06-22,+91-96641-86241,customer416@gmail.com,Rs 19.74 L
CAR0471,Hyundai,Venue,2020,Brown,CNG,Semi-Automatic,Hatchback,107079,First Owner,437551,14/10/2024,Dealer_A12,West,Dealer,,9201145785,CUSTOMER187@YAHOO.COM,UP,437551.0,2024-10-14,+91-92011-45785,customer187@yahoo.com,Rs 4.38 L
CAR0473,Tata,Tiago,2011,Green,Diesel,Manual,Hatchback,33812,Third Owner,4943192,07-03-2023,Dealer_B10,East,Individual,Customer_9593,8440528552,customer674@outlook.com,UP,4943192.0,2023-03-07,+91-84405-28552,customer674@outlook.com,Rs 49.43 L
CAR0474,Honda,CR-V,2019,Silver,Diesel,Semi-Automatic,Sedan,69117,Second Owner,2233885,2023-09-28,Dealer_E15,South,Individual,Customer_8815,9289984669,customer957hotmail.com,KA,2233885.0,2023-09-28,+91-92899-84669,,Rs 22.34 L
CAR0477,Honda,City,2013,White,Electric,Automatic,Convertible,147092,Third Owner,4819858,2023-05-19,Dealer_A5,North,Corporate,Customer_7810,08701859566,customer566@hotmail.com,WB,4819858.0,2023-05-19,08701859566,customer566@hotmail.com,Rs 48.20 L
CAR0478,Tata,Unknown Model,2011,Grey,Diesel,Manual,Coupe,127110,Third Owner,2410364,17/06/2023,Dealer_A4,West,Dealer,Customer_3511,7577424200,customer210@gmail.com,GJ,2410364.0,2023-06-17,+91-75774-24200,customer210@gmail.com,Rs 24.10 L
CAR0479,Toyota,Innova,2023,White,Diesel,Automatic,Wagon,116900,First Owner,13.91 lakh,15/01/2024,Dealer_B6,South,Dealer,Customer_1475,+91-75661-19589,customer554@hotmail.com,MH,1391000.0,2024-01-15,+91-75661-19589,customer554@hotmail.com,Rs 13.91 L
CAR0480,BMW,3 Series,2017,Green,Diesel,Automatic,Convertible,113419,Fourth & Above,23.72 lakh,24-09-23,Dealer_C9,Central,Corporate,Customer_8220,8458048638,customer325@gmail.com,KA,2372000.0,2023-09-24,+91-84580-48638,customer325@gmail.com,Rs 23.72 L
CAR0481,Maruti,Dzire,2013,Red,Electric,Manual,SUV,54185,Third Owner,39.86 lakh,2024-04-13,Dealer_E11,North,Dealer,,90819049,customer645@yahoo.com,DL,3986000.0,2024-04-13,90819049,customer645@yahoo.com,Rs 39.86 L
CAR0482,Hyundai,Creta ,2012,Silver,CNG,Manual,Coupe,134035,Fourth & Above,34.53 lakh,26-04-23,Dealer_A6,North,Dealer,Customer_1024,8245097201,customer19@hotmail.com,RJ,3453000.0,2023-04-26,+91-82450-97201,customer19@hotmail.com,Rs 34.53 L
CAR0483,BMW,3 Series,2019,Black,CNG,Automatic,Sedan,87109,Second Owner,1789360,09-04-2024,Dealer_A11,West,Individual,Customer_2319,+91-95966-79205,customer670@hotmail.com,MH,1789360.0,2024-04-09,+91-95966-79205,customer670@hotmail.com,Rs 17.89 L
CAR0484,Hyundai,Elantra,2015,Silver,Petrol,Manual,SUV,87786,First Owner,0.36 crore,2023-07-04,Dealer_A6,North,Dealer,Customer_4654,8170856859,customer877yahoo.com,UP,3600000.0,2023-07-04,+91-81708-56859,,Rs 36.00 L
CAR0485,Honda,Accord,2018,Blue,Petrol,Semi-Automatic,Sedan,45279,Third Owner,3852737,2023-09-26,Dealer_E14,South,Individual,Customer_9156,8347238368,customer654@outlook.com,UP,3852737.0,2023-09-26,+91-83472-38368,customer654@outlook.com,Rs 38.53 L
CAR0486,Hyundai,i20,2019,Red,Hybrid,Semi-Automatic,Coupe,41938,First Owner,3858428,09-18-2024,Dealer_D14,North,Corporate,Customer_8315,9551474556,customer99@yahoo.com,KA,3858428.0,2024-09-18,+91-95514-74556,customer99@yahoo.com,Rs 38.58 L
CAR0487,Toyota,Camry,2010,Red,Petrol,Manual,Convertible,96182,Second Owner,18.50 lakh,07-03-2023,Dealer_B17,Central,Dealer,Customer_3800,7256157425,customer843@outlook.com,TN,1850000.0,2023-03-07,+91-72561-57425,customer843@outlook.com,Rs 18.50 L
CAR0488,Maruti,Dzire,2016,Brown,Petrol,Manual,Hatchback,26837,First Owner,44.42 lakh,2024-04-10,Dealer_A13,West,Dealer,Customer_4295,9890628541,customer358@yahoo.com,RJ,4442000.0,2024-04-10,+91-98906-28541,customer358@yahoo.com,Rs 44.42 L
CAR0489,Honda,City,2016,Blue,CNG,Semi-Automatic,SUV,102054,Third Owner,1601301,23-04-24,Dealer_E12,Central,Individual,Customer_5897,7071452367,customer401@outlook.com,KA,1601301.0,2024-04-23,+91-70714-52367,customer401@outlook.com,Rs 16.01 L
CAR0490,BMW,X5,2013,Red,Diesel,Semi-Automatic,Sedan,85752,Third Owner,4454951,02/11/2023,Dealer_E7,Central,Corporate,,7016523773,customer697@outlook.com,UP,4454951.0,2023-11-02,+91-70165-23773,customer697@outlook.com,Rs 44.55 L
CAR0491,Honda,CR-V,2017,Blue,Diesel,Automatic,Convertible,68578,First Owner,26.24 lakh,2023-10-27,Dealer_B9,Central,Dealer,Customer_3800,+91-87114-22435,customer470@gmail.com,GJ,2624000.0,2023-10-27,+91-87114-22435,customer470@gmail.com,Rs 26.24 L
CAR0493,Maruti,Unknown Model,2018,Green,CNG,Manual,Coupe,82120,Third Owner,38.24 lakh,2024-10-20,Dealer_B5,North,Dealer,Customer_5129,9078540691,customer925@outlook.com,GJ,3824000.0,2024-10-20,+91-90785-40691,customer925@outlook.com,Rs 38.24 L
CAR0494,Mercedes,A-Class,2012,Black,Electric,Automatic,Wagon,87687,Second Owner,0.38 crore,10-12-2024,Dealer_E2,North,Corporate,Customer_8161,7995402736,customer84@yahoo.com,TN,3800000.0,2024-12-10,+91-79954-02736,customer84@yahoo.com,Rs 38.00 L
CAR0495,Mercedes,Unknown Model,2020,Green,CNG,Automatic,Hatchback,53453,Fourth & Above,966757,03-11-2024,Dealer_A17,North,Dealer,Customer_6001,+91-83427-26255,customer119@hotmail.com,UP,966757.0,2024-11-03,+91-83427-26255,customer119@hotmail.com,Rs 9.67 L
CAR0496,Honda,Accord,2017,Silver,Diesel,Semi-Automatic,SUV,124041,First Owner,2777452,2024-04-17,Dealer_E20,South,Dealer,,+91-78385-31040,customer223outlook.com,MH,2777452.0,2024-04-17,+91-78385-31040,,Rs 27.77 L
CAR0497,Honda,Altroz,2018,Brown,Diesel,Automatic,Coupe,50896,Fourth & Above,4870914,2024-12-01,Dealer_B19,West,Corporate,Customer_1819,8824741669,customer391outlook.com,DL,4870914.0,2024-12-01,+91-88247-41669,,Rs 48.71 L
CAR0498,Ford,Figo,2013,Grey,Unknown,Manual,Wagon,108823,Third Owner,1345478,2024-08-24,Dealer_E15,Central,Dealer,Customer_6576,8759213235,customer667@hotmail.com,WB,1345478.0,2024-08-24,+91-87592-13235,customer667@hotmail.com,Rs 13.45 L
CAR0499,Hyundai,Elantra,2024,Red,Petrol,Semi-Automatic,SUV,102238,Second Owner,4312752,15-03-23,Dealer_E13,Central,Individual,Customer_8403,9493655844,customer337@gmail.com,DL,4312752.0,2023-03-15,+91-94936-55844,customer337@gmail.com,Rs 43.13 L
